26e3e5a5-7885-11ed-a159-14cb196d9ca7,b729e272-7717-11ed-93e9-14cb196d9ca7,7-A,Ganjil
26e40d8d-7885-11ed-a159-14cb196d9ca7,b729e272-7717-11ed-93e9-14cb196d9ca7,7-B,Ganjil
26e410fc-7885-11ed-a159-14cb196d9ca7,b729e272-7717-11ed-93e9-14cb196d9ca7,7-C,Ganjil
26e41476-7885-11ed-a159-14cb196d9ca7,b729e272-7717-11ed-93e9-14cb196d9ca7,7-D,Ganjil
26e4cbaf-7885-11ed-a159-14cb196d9ca7,b729e272-7717-11ed-93e9-14cb196d9ca7,7-E,Ganjil
26e4ce87-7885-11ed-a159-14cb196d9ca7,b729e272-7717-11ed-93e9-14cb196d9ca7,7-F,Ganjil
26e4d00f-7885-11ed-a159-14cb196d9ca7,b729e272-7717-11ed-93e9-14cb196d9ca7,7-G,Ganjil
26e4d166-7885-11ed-a159-14cb196d9ca7,b729e272-7717-11ed-93e9-14cb196d9ca7,7-H,Ganjil
26e4d2c4-7885-11ed-a159-14cb196d9ca7,b729e272-7717-11ed-93e9-14cb196d9ca7,7-I,Ganjil
26e4d42e-7885-11ed-a159-14cb196d9ca7,b729e272-7717-11ed-93e9-14cb196d9ca7,7-J,Ganjil
26e4d589-7885-11ed-a159-14cb196d9ca7,b729e272-7717-11ed-93e9-14cb196d9ca7,7-K,Ganjil
26e4d6e5-7885-11ed-a159-14cb196d9ca7,b729e272-7717-11ed-93e9-14cb196d9ca7,8-A,Ganjil
26e4d84a-7885-11ed-a159-14cb196d9ca7,b729e272-7717-11ed-93e9-14cb196d9ca7,8-B,Ganjil
26e4d9ab-7885-11ed-a159-14cb196d9ca7,b729e272-7717-11ed-93e9-14cb196d9ca7,8-C,Ganjil
26e4db1f-7885-11ed-a159-14cb196d9ca7,b729e272-7717-11ed-93e9-14cb196d9ca7,8-D,Ganjil
26e4dc96-7885-11ed-a159-14cb196d9ca7,b729e272-7717-11ed-93e9-14cb196d9ca7,8-E,Ganjil
26e4de19-7885-11ed-a159-14cb196d9ca7,b729e272-7717-11ed-93e9-14cb196d9ca7,8-F,Ganjil
26e4dfa5-7885-11ed-a159-14cb196d9ca7,b729e272-7717-11ed-93e9-14cb196d9ca7,8-G,Ganjil
26e4e17d-7885-11ed-a159-14cb196d9ca7,b729e272-7717-11ed-93e9-14cb196d9ca7,8-H,Ganjil
26e4e717-7885-11ed-a159-14cb196d9ca7,b729e272-7717-11ed-93e9-14cb196d9ca7,8-I,Ganjil
26e4e96c-7885-11ed-a159-14cb196d9ca7,b729e272-7717-11ed-93e9-14cb196d9ca7,9-A,Ganjil
26e4eb22-7885-11ed-a159-14cb196d9ca7,b729e272-7717-11ed-93e9-14cb196d9ca7,9-B,Ganjil
26e4ecde-7885-11ed-a159-14cb196d9ca7,b729e272-7717-11ed-93e9-14cb196d9ca7,9-C,Ganjil
26e4ee95-7885-11ed-a159-14cb196d9ca7,b729e272-7717-11ed-93e9-14cb196d9ca7,9-D,Ganjil
26e4f05a-7885-11ed-a159-14cb196d9ca7,b729e272-7717-11ed-93e9-14cb196d9ca7,9-E,Ganjil
26e4f220-7885-11ed-a159-14cb196d9ca7,b729e272-7717-11ed-93e9-14cb196d9ca7,9-F,Ganjil
26e4f3ee-7885-11ed-a159-14cb196d9ca7,b729e272-7717-11ed-93e9-14cb196d9ca7,9-G,Ganjil
6e4f5bc-7885-11ed-a159-14cb196d9ca7,b729e272-7717-11ed-93e9-14cb196d9ca7,9-H,Ganjil
26e4f79d-7885-11ed-a159-14cb196d9ca7,b729e272-7717-11ed-93e9-14cb196d9ca7,9-I,Ganjil
26e4f97c-7885-11ed-a159-14cb196d9ca7,b729e272-7717-11ed-93e9-14cb196d9ca7,9-J,Ganjil
26e4fb6a-7885-11ed-a159-14cb196d9ca7,b729e272-7717-11ed-93e9-14cb196d9ca7,9-K,Ganjil
26e4fd59-7885-11ed-a159-14cb196d9ca7,b729e272-7717-11ed-93e9-14cb196d9ca7,9-L,Ganjil
26e4ff48-7885-11ed-a159-14cb196d9ca7,b729e272-7717-11ed-93e9-14cb196d9ca7,9-M,Ganjil