,94470711,b729e272-7717-11ed-93e9-14cb196d9ca7,26e3e5a5-7885-11ed-a159-14cb196d9ca7
,101248497,b729e272-7717-11ed-93e9-14cb196d9ca7,26e3e5a5-7885-11ed-a159-14cb196d9ca7
,101318207,b729e272-7717-11ed-93e9-14cb196d9ca7,26e3e5a5-7885-11ed-a159-14cb196d9ca7
,99723643,b729e272-7717-11ed-93e9-14cb196d9ca7,26e3e5a5-7885-11ed-a159-14cb196d9ca7
,95421374,b729e272-7717-11ed-93e9-14cb196d9ca7,26e3e5a5-7885-11ed-a159-14cb196d9ca7
,1111121457,b729e272-7717-11ed-93e9-14cb196d9ca7,26e3e5a5-7885-11ed-a159-14cb196d9ca7
,101245645,b729e272-7717-11ed-93e9-14cb196d9ca7,26e3e5a5-7885-11ed-a159-14cb196d9ca7
,107757885,b729e272-7717-11ed-93e9-14cb196d9ca7,26e3e5a5-7885-11ed-a159-14cb196d9ca7
,93531905,b729e272-7717-11ed-93e9-14cb196d9ca7,26e3e5a5-7885-11ed-a159-14cb196d9ca7
,3098546292,b729e272-7717-11ed-93e9-14cb196d9ca7,26e3e5a5-7885-11ed-a159-14cb196d9ca7
,103631605,b729e272-7717-11ed-93e9-14cb196d9ca7,26e3e5a5-7885-11ed-a159-14cb196d9ca7
,108301240,b729e272-7717-11ed-93e9-14cb196d9ca7,26e3e5a5-7885-11ed-a159-14cb196d9ca7
,3101086606,b729e272-7717-11ed-93e9-14cb196d9ca7,26e3e5a5-7885-11ed-a159-14cb196d9ca7
,3101378090,b729e272-7717-11ed-93e9-14cb196d9ca7,26e3e5a5-7885-11ed-a159-14cb196d9ca7
,95968377,b729e272-7717-11ed-93e9-14cb196d9ca7,26e3e5a5-7885-11ed-a159-14cb196d9ca7
,96636259,b729e272-7717-11ed-93e9-14cb196d9ca7,26e3e5a5-7885-11ed-a159-14cb196d9ca7
,97555923,b729e272-7717-11ed-93e9-14cb196d9ca7,26e3e5a5-7885-11ed-a159-14cb196d9ca7
,105131281,b729e272-7717-11ed-93e9-14cb196d9ca7,26e3e5a5-7885-11ed-a159-14cb196d9ca7
,101559038,b729e272-7717-11ed-93e9-14cb196d9ca7,26e3e5a5-7885-11ed-a159-14cb196d9ca7
,3097204119,b729e272-7717-11ed-93e9-14cb196d9ca7,26e3e5a5-7885-11ed-a159-14cb196d9ca7
,3096034764,b729e272-7717-11ed-93e9-14cb196d9ca7,26e3e5a5-7885-11ed-a159-14cb196d9ca7
,108572755,b729e272-7717-11ed-93e9-14cb196d9ca7,26e3e5a5-7885-11ed-a159-14cb196d9ca7
,98234210,b729e272-7717-11ed-93e9-14cb196d9ca7,26e3e5a5-7885-11ed-a159-14cb196d9ca7
,105805983,b729e272-7717-11ed-93e9-14cb196d9ca7,26e3e5a5-7885-11ed-a159-14cb196d9ca7
,101740111,b729e272-7717-11ed-93e9-14cb196d9ca7,26e3e5a5-7885-11ed-a159-14cb196d9ca7
,92031450,b729e272-7717-11ed-93e9-14cb196d9ca7,26e3e5a5-7885-11ed-a159-14cb196d9ca7
,91955937,b729e272-7717-11ed-93e9-14cb196d9ca7,26e3e5a5-7885-11ed-a159-14cb196d9ca7
,109152614,b729e272-7717-11ed-93e9-14cb196d9ca7,26e3e5a5-7885-11ed-a159-14cb196d9ca7
,103175428,b729e272-7717-11ed-93e9-14cb196d9ca7,26e3e5a5-7885-11ed-a159-14cb196d9ca7
,97336512,b729e272-7717-11ed-93e9-14cb196d9ca7,26e3e5a5-7885-11ed-a159-14cb196d9ca7
,107390525,b729e272-7717-11ed-93e9-14cb196d9ca7,26e3e5a5-7885-11ed-a159-14cb196d9ca7
,3106437993,b729e272-7717-11ed-93e9-14cb196d9ca7,26e3e5a5-7885-11ed-a159-14cb196d9ca7
,101755588,b729e272-7717-11ed-93e9-14cb196d9ca7,26e40d8d-7885-11ed-a159-14cb196d9ca7
,91558540,b729e272-7717-11ed-93e9-14cb196d9ca7,26e40d8d-7885-11ed-a159-14cb196d9ca7
,103718172,b729e272-7717-11ed-93e9-14cb196d9ca7,26e40d8d-7885-11ed-a159-14cb196d9ca7
,3090075668,b729e272-7717-11ed-93e9-14cb196d9ca7,26e40d8d-7885-11ed-a159-14cb196d9ca7
,108831319,b729e272-7717-11ed-93e9-14cb196d9ca7,26e40d8d-7885-11ed-a159-14cb196d9ca7
,95065010,b729e272-7717-11ed-93e9-14cb196d9ca7,26e40d8d-7885-11ed-a159-14cb196d9ca7
,105852398,b729e272-7717-11ed-93e9-14cb196d9ca7,26e40d8d-7885-11ed-a159-14cb196d9ca7
,95447866,b729e272-7717-11ed-93e9-14cb196d9ca7,26e40d8d-7885-11ed-a159-14cb196d9ca7
,98923391,b729e272-7717-11ed-93e9-14cb196d9ca7,26e40d8d-7885-11ed-a159-14cb196d9ca7
,108063522,b729e272-7717-11ed-93e9-14cb196d9ca7,26e40d8d-7885-11ed-a159-14cb196d9ca7
,93855611,b729e272-7717-11ed-93e9-14cb196d9ca7,26e40d8d-7885-11ed-a159-14cb196d9ca7
,105139813,b729e272-7717-11ed-93e9-14cb196d9ca7,26e40d8d-7885-11ed-a159-14cb196d9ca7
,3093100358,b729e272-7717-11ed-93e9-14cb196d9ca7,26e40d8d-7885-11ed-a159-14cb196d9ca7
,104077638,b729e272-7717-11ed-93e9-14cb196d9ca7,26e40d8d-7885-11ed-a159-14cb196d9ca7
,1111121498,b729e272-7717-11ed-93e9-14cb196d9ca7,26e40d8d-7885-11ed-a159-14cb196d9ca7
,94850852,b729e272-7717-11ed-93e9-14cb196d9ca7,26e40d8d-7885-11ed-a159-14cb196d9ca7
,96507481,b729e272-7717-11ed-93e9-14cb196d9ca7,26e40d8d-7885-11ed-a159-14cb196d9ca7
,103394273,b729e272-7717-11ed-93e9-14cb196d9ca7,26e40d8d-7885-11ed-a159-14cb196d9ca7
,91019798,b729e272-7717-11ed-93e9-14cb196d9ca7,26e40d8d-7885-11ed-a159-14cb196d9ca7
,109855389,b729e272-7717-11ed-93e9-14cb196d9ca7,26e40d8d-7885-11ed-a159-14cb196d9ca7
,3091919166,b729e272-7717-11ed-93e9-14cb196d9ca7,26e40d8d-7885-11ed-a159-14cb196d9ca7
,109034917,b729e272-7717-11ed-93e9-14cb196d9ca7,26e40d8d-7885-11ed-a159-14cb196d9ca7
,109898189,b729e272-7717-11ed-93e9-14cb196d9ca7,26e40d8d-7885-11ed-a159-14cb196d9ca7
,98416574,b729e272-7717-11ed-93e9-14cb196d9ca7,26e40d8d-7885-11ed-a159-14cb196d9ca7
,106905771,b729e272-7717-11ed-93e9-14cb196d9ca7,26e40d8d-7885-11ed-a159-14cb196d9ca7
,106516056,b729e272-7717-11ed-93e9-14cb196d9ca7,26e40d8d-7885-11ed-a159-14cb196d9ca7
,103975601,b729e272-7717-11ed-93e9-14cb196d9ca7,26e40d8d-7885-11ed-a159-14cb196d9ca7
,109735501,b729e272-7717-11ed-93e9-14cb196d9ca7,26e40d8d-7885-11ed-a159-14cb196d9ca7
,93937819,b729e272-7717-11ed-93e9-14cb196d9ca7,26e40d8d-7885-11ed-a159-14cb196d9ca7
,102607367,b729e272-7717-11ed-93e9-14cb196d9ca7,26e40d8d-7885-11ed-a159-14cb196d9ca7
,104527405,b729e272-7717-11ed-93e9-14cb196d9ca7,26e40d8d-7885-11ed-a159-14cb196d9ca7
,3090356988,b729e272-7717-11ed-93e9-14cb196d9ca7,26e40d8d-7885-11ed-a159-14cb196d9ca7
,94845637,b729e272-7717-11ed-93e9-14cb196d9ca7,26e410fc-7885-11ed-a159-14cb196d9ca7
,105658711,b729e272-7717-11ed-93e9-14cb196d9ca7,26e410fc-7885-11ed-a159-14cb196d9ca7
,103213316,b729e272-7717-11ed-93e9-14cb196d9ca7,26e410fc-7885-11ed-a159-14cb196d9ca7
,97021851,b729e272-7717-11ed-93e9-14cb196d9ca7,26e410fc-7885-11ed-a159-14cb196d9ca7
,102305186,b729e272-7717-11ed-93e9-14cb196d9ca7,26e410fc-7885-11ed-a159-14cb196d9ca7
,3095904704,b729e272-7717-11ed-93e9-14cb196d9ca7,26e410fc-7885-11ed-a159-14cb196d9ca7
,1111121477,b729e272-7717-11ed-93e9-14cb196d9ca7,26e410fc-7885-11ed-a159-14cb196d9ca7
,3096535847,b729e272-7717-11ed-93e9-14cb196d9ca7,26e410fc-7885-11ed-a159-14cb196d9ca7
,96364249,b729e272-7717-11ed-93e9-14cb196d9ca7,26e410fc-7885-11ed-a159-14cb196d9ca7
,3099340575,b729e272-7717-11ed-93e9-14cb196d9ca7,26e410fc-7885-11ed-a159-14cb196d9ca7
,95111587,b729e272-7717-11ed-93e9-14cb196d9ca7,26e410fc-7885-11ed-a159-14cb196d9ca7
,109375262,b729e272-7717-11ed-93e9-14cb196d9ca7,26e410fc-7885-11ed-a159-14cb196d9ca7
,91408394,b729e272-7717-11ed-93e9-14cb196d9ca7,26e410fc-7885-11ed-a159-14cb196d9ca7
,95595578,b729e272-7717-11ed-93e9-14cb196d9ca7,26e410fc-7885-11ed-a159-14cb196d9ca7
,108509138,b729e272-7717-11ed-93e9-14cb196d9ca7,26e410fc-7885-11ed-a159-14cb196d9ca7
,104828706,b729e272-7717-11ed-93e9-14cb196d9ca7,26e410fc-7885-11ed-a159-14cb196d9ca7
,101002290,b729e272-7717-11ed-93e9-14cb196d9ca7,26e410fc-7885-11ed-a159-14cb196d9ca7
,89278648,b729e272-7717-11ed-93e9-14cb196d9ca7,26e410fc-7885-11ed-a159-14cb196d9ca7
,3090502242,b729e272-7717-11ed-93e9-14cb196d9ca7,26e410fc-7885-11ed-a159-14cb196d9ca7
,109704066,b729e272-7717-11ed-93e9-14cb196d9ca7,26e410fc-7885-11ed-a159-14cb196d9ca7
,105663324,b729e272-7717-11ed-93e9-14cb196d9ca7,26e410fc-7885-11ed-a159-14cb196d9ca7
,96616581,b729e272-7717-11ed-93e9-14cb196d9ca7,26e410fc-7885-11ed-a159-14cb196d9ca7
,3097740669,b729e272-7717-11ed-93e9-14cb196d9ca7,26e410fc-7885-11ed-a159-14cb196d9ca7
,95385354,b729e272-7717-11ed-93e9-14cb196d9ca7,26e410fc-7885-11ed-a159-14cb196d9ca7
,111293353,b729e272-7717-11ed-93e9-14cb196d9ca7,26e410fc-7885-11ed-a159-14cb196d9ca7
,108370958,b729e272-7717-11ed-93e9-14cb196d9ca7,26e410fc-7885-11ed-a159-14cb196d9ca7
,93598685,b729e272-7717-11ed-93e9-14cb196d9ca7,26e410fc-7885-11ed-a159-14cb196d9ca7
,3099555331,b729e272-7717-11ed-93e9-14cb196d9ca7,26e410fc-7885-11ed-a159-14cb196d9ca7
,94801306,b729e272-7717-11ed-93e9-14cb196d9ca7,26e410fc-7885-11ed-a159-14cb196d9ca7
,108156835,b729e272-7717-11ed-93e9-14cb196d9ca7,26e410fc-7885-11ed-a159-14cb196d9ca7
,107939950,b729e272-7717-11ed-93e9-14cb196d9ca7,26e410fc-7885-11ed-a159-14cb196d9ca7
,107262026,b729e272-7717-11ed-93e9-14cb196d9ca7,26e410fc-7885-11ed-a159-14cb196d9ca7
,101740485,b729e272-7717-11ed-93e9-14cb196d9ca7,26e41476-7885-11ed-a159-14cb196d9ca7
,3092583739,b729e272-7717-11ed-93e9-14cb196d9ca7,26e41476-7885-11ed-a159-14cb196d9ca7
,3103539868,b729e272-7717-11ed-93e9-14cb196d9ca7,26e41476-7885-11ed-a159-14cb196d9ca7
,102540183,b729e272-7717-11ed-93e9-14cb196d9ca7,26e41476-7885-11ed-a159-14cb196d9ca7
,97042202,b729e272-7717-11ed-93e9-14cb196d9ca7,26e41476-7885-11ed-a159-14cb196d9ca7
,106260365,b729e272-7717-11ed-93e9-14cb196d9ca7,26e41476-7885-11ed-a159-14cb196d9ca7
,97534522,b729e272-7717-11ed-93e9-14cb196d9ca7,26e41476-7885-11ed-a159-14cb196d9ca7
,107813438,b729e272-7717-11ed-93e9-14cb196d9ca7,26e41476-7885-11ed-a159-14cb196d9ca7
,102921204,b729e272-7717-11ed-93e9-14cb196d9ca7,26e41476-7885-11ed-a159-14cb196d9ca7
,104741253,b729e272-7717-11ed-93e9-14cb196d9ca7,26e41476-7885-11ed-a159-14cb196d9ca7
,3091073519,b729e272-7717-11ed-93e9-14cb196d9ca7,26e41476-7885-11ed-a159-14cb196d9ca7
,95327682,b729e272-7717-11ed-93e9-14cb196d9ca7,26e41476-7885-11ed-a159-14cb196d9ca7
,96082487,b729e272-7717-11ed-93e9-14cb196d9ca7,26e41476-7885-11ed-a159-14cb196d9ca7
,93973922,b729e272-7717-11ed-93e9-14cb196d9ca7,26e41476-7885-11ed-a159-14cb196d9ca7
,3094868592,b729e272-7717-11ed-93e9-14cb196d9ca7,26e41476-7885-11ed-a159-14cb196d9ca7
,3093326781,b729e272-7717-11ed-93e9-14cb196d9ca7,26e41476-7885-11ed-a159-14cb196d9ca7
,109870279,b729e272-7717-11ed-93e9-14cb196d9ca7,26e41476-7885-11ed-a159-14cb196d9ca7
,95580473,b729e272-7717-11ed-93e9-14cb196d9ca7,26e41476-7885-11ed-a159-14cb196d9ca7
,99600895,b729e272-7717-11ed-93e9-14cb196d9ca7,26e41476-7885-11ed-a159-14cb196d9ca7
,96438428,b729e272-7717-11ed-93e9-14cb196d9ca7,26e41476-7885-11ed-a159-14cb196d9ca7
,109444454,b729e272-7717-11ed-93e9-14cb196d9ca7,26e41476-7885-11ed-a159-14cb196d9ca7
,104222282,b729e272-7717-11ed-93e9-14cb196d9ca7,26e41476-7885-11ed-a159-14cb196d9ca7
,3094850470,b729e272-7717-11ed-93e9-14cb196d9ca7,26e41476-7885-11ed-a159-14cb196d9ca7
,3095475838,b729e272-7717-11ed-93e9-14cb196d9ca7,26e41476-7885-11ed-a159-14cb196d9ca7
,108523110,b729e272-7717-11ed-93e9-14cb196d9ca7,26e41476-7885-11ed-a159-14cb196d9ca7
,102549614,b729e272-7717-11ed-93e9-14cb196d9ca7,26e41476-7885-11ed-a159-14cb196d9ca7
,103771949,b729e272-7717-11ed-93e9-14cb196d9ca7,26e41476-7885-11ed-a159-14cb196d9ca7
,109921463,b729e272-7717-11ed-93e9-14cb196d9ca7,26e41476-7885-11ed-a159-14cb196d9ca7
,101282820,b729e272-7717-11ed-93e9-14cb196d9ca7,26e41476-7885-11ed-a159-14cb196d9ca7
,99772651,b729e272-7717-11ed-93e9-14cb196d9ca7,26e41476-7885-11ed-a159-14cb196d9ca7
,107916722,b729e272-7717-11ed-93e9-14cb196d9ca7,26e41476-7885-11ed-a159-14cb196d9ca7
,104003953,b729e272-7717-11ed-93e9-14cb196d9ca7,26e41476-7885-11ed-a159-14cb196d9ca7
,3105525770,b729e272-7717-11ed-93e9-14cb196d9ca7,26e4cbaf-7885-11ed-a159-14cb196d9ca7
,97071886,b729e272-7717-11ed-93e9-14cb196d9ca7,26e4cbaf-7885-11ed-a159-14cb196d9ca7
,102396687,b729e272-7717-11ed-93e9-14cb196d9ca7,26e4cbaf-7885-11ed-a159-14cb196d9ca7
,91123418,b729e272-7717-11ed-93e9-14cb196d9ca7,26e4cbaf-7885-11ed-a159-14cb196d9ca7
,99446618,b729e272-7717-11ed-93e9-14cb196d9ca7,26e4cbaf-7885-11ed-a159-14cb196d9ca7
,104922867,b729e272-7717-11ed-93e9-14cb196d9ca7,26e4cbaf-7885-11ed-a159-14cb196d9ca7
,103665490,b729e272-7717-11ed-93e9-14cb196d9ca7,26e4cbaf-7885-11ed-a159-14cb196d9ca7
,108705315,b729e272-7717-11ed-93e9-14cb196d9ca7,26e4cbaf-7885-11ed-a159-14cb196d9ca7
,101399211,b729e272-7717-11ed-93e9-14cb196d9ca7,26e4cbaf-7885-11ed-a159-14cb196d9ca7
,99237880,b729e272-7717-11ed-93e9-14cb196d9ca7,26e4cbaf-7885-11ed-a159-14cb196d9ca7
,99477870,b729e272-7717-11ed-93e9-14cb196d9ca7,26e4cbaf-7885-11ed-a159-14cb196d9ca7
,3094850969,b729e272-7717-11ed-93e9-14cb196d9ca7,26e4cbaf-7885-11ed-a159-14cb196d9ca7
,99712399,b729e272-7717-11ed-93e9-14cb196d9ca7,26e4cbaf-7885-11ed-a159-14cb196d9ca7
,108355123,b729e272-7717-11ed-93e9-14cb196d9ca7,26e4cbaf-7885-11ed-a159-14cb196d9ca7
,107045886,b729e272-7717-11ed-93e9-14cb196d9ca7,26e4cbaf-7885-11ed-a159-14cb196d9ca7
,99732378,b729e272-7717-11ed-93e9-14cb196d9ca7,26e4cbaf-7885-11ed-a159-14cb196d9ca7
,92636021,b729e272-7717-11ed-93e9-14cb196d9ca7,26e4cbaf-7885-11ed-a159-14cb196d9ca7
,96748866,b729e272-7717-11ed-93e9-14cb196d9ca7,26e4cbaf-7885-11ed-a159-14cb196d9ca7
,104470262,b729e272-7717-11ed-93e9-14cb196d9ca7,26e4cbaf-7885-11ed-a159-14cb196d9ca7
,104579814,b729e272-7717-11ed-93e9-14cb196d9ca7,26e4cbaf-7885-11ed-a159-14cb196d9ca7
,95058485,b729e272-7717-11ed-93e9-14cb196d9ca7,26e4cbaf-7885-11ed-a159-14cb196d9ca7
,3094826377,b729e272-7717-11ed-93e9-14cb196d9ca7,26e4cbaf-7885-11ed-a159-14cb196d9ca7
,97272359,b729e272-7717-11ed-93e9-14cb196d9ca7,26e4cbaf-7885-11ed-a159-14cb196d9ca7
,3098402528,b729e272-7717-11ed-93e9-14cb196d9ca7,26e4cbaf-7885-11ed-a159-14cb196d9ca7
,3095376394,b729e272-7717-11ed-93e9-14cb196d9ca7,26e4cbaf-7885-11ed-a159-14cb196d9ca7
,109316580,b729e272-7717-11ed-93e9-14cb196d9ca7,26e4cbaf-7885-11ed-a159-14cb196d9ca7
,3093650392,b729e272-7717-11ed-93e9-14cb196d9ca7,26e4cbaf-7885-11ed-a159-14cb196d9ca7
,103900411,b729e272-7717-11ed-93e9-14cb196d9ca7,26e4cbaf-7885-11ed-a159-14cb196d9ca7
,106570396,b729e272-7717-11ed-93e9-14cb196d9ca7,26e4cbaf-7885-11ed-a159-14cb196d9ca7
,94570152,b729e272-7717-11ed-93e9-14cb196d9ca7,26e4cbaf-7885-11ed-a159-14cb196d9ca7
,3091996606,b729e272-7717-11ed-93e9-14cb196d9ca7,26e4cbaf-7885-11ed-a159-14cb196d9ca7
,102227054,b729e272-7717-11ed-93e9-14cb196d9ca7,26e4cbaf-7885-11ed-a159-14cb196d9ca7
,97918805,b729e272-7717-11ed-93e9-14cb196d9ca7,26e4ce87-7885-11ed-a159-14cb196d9ca7
,3098797714,b729e272-7717-11ed-93e9-14cb196d9ca7,26e4ce87-7885-11ed-a159-14cb196d9ca7
,99257970,b729e272-7717-11ed-93e9-14cb196d9ca7,26e4ce87-7885-11ed-a159-14cb196d9ca7
,101571390,b729e272-7717-11ed-93e9-14cb196d9ca7,26e4ce87-7885-11ed-a159-14cb196d9ca7
,3094357237,b729e272-7717-11ed-93e9-14cb196d9ca7,26e4ce87-7885-11ed-a159-14cb196d9ca7
,91421736,b729e272-7717-11ed-93e9-14cb196d9ca7,26e4ce87-7885-11ed-a159-14cb196d9ca7
,107579063,b729e272-7717-11ed-93e9-14cb196d9ca7,26e4ce87-7885-11ed-a159-14cb196d9ca7
,112141935,b729e272-7717-11ed-93e9-14cb196d9ca7,26e4ce87-7885-11ed-a159-14cb196d9ca7
,104982316,b729e272-7717-11ed-93e9-14cb196d9ca7,26e4ce87-7885-11ed-a159-14cb196d9ca7
,107288101,b729e272-7717-11ed-93e9-14cb196d9ca7,26e4ce87-7885-11ed-a159-14cb196d9ca7
,108210932,b729e272-7717-11ed-93e9-14cb196d9ca7,26e4ce87-7885-11ed-a159-14cb196d9ca7
,93104545,b729e272-7717-11ed-93e9-14cb196d9ca7,26e4ce87-7885-11ed-a159-14cb196d9ca7
,107138571,b729e272-7717-11ed-93e9-14cb196d9ca7,26e4ce87-7885-11ed-a159-14cb196d9ca7
,91917426,b729e272-7717-11ed-93e9-14cb196d9ca7,26e4ce87-7885-11ed-a159-14cb196d9ca7
,107970258,b729e272-7717-11ed-93e9-14cb196d9ca7,26e4ce87-7885-11ed-a159-14cb196d9ca7
,107725646,b729e272-7717-11ed-93e9-14cb196d9ca7,26e4ce87-7885-11ed-a159-14cb196d9ca7
,103479181,b729e272-7717-11ed-93e9-14cb196d9ca7,26e4ce87-7885-11ed-a159-14cb196d9ca7
,3093666665,b729e272-7717-11ed-93e9-14cb196d9ca7,26e4ce87-7885-11ed-a159-14cb196d9ca7
,95361775,b729e272-7717-11ed-93e9-14cb196d9ca7,26e4ce87-7885-11ed-a159-14cb196d9ca7
,108371112,b729e272-7717-11ed-93e9-14cb196d9ca7,26e4ce87-7885-11ed-a159-14cb196d9ca7
,92686530,b729e272-7717-11ed-93e9-14cb196d9ca7,26e4ce87-7885-11ed-a159-14cb196d9ca7
,109735341,b729e272-7717-11ed-93e9-14cb196d9ca7,26e4ce87-7885-11ed-a159-14cb196d9ca7
,98871367,b729e272-7717-11ed-93e9-14cb196d9ca7,26e4ce87-7885-11ed-a159-14cb196d9ca7
,102950087,b729e272-7717-11ed-93e9-14cb196d9ca7,26e4ce87-7885-11ed-a159-14cb196d9ca7
,105307722,b729e272-7717-11ed-93e9-14cb196d9ca7,26e4ce87-7885-11ed-a159-14cb196d9ca7
,106140950,b729e272-7717-11ed-93e9-14cb196d9ca7,26e4ce87-7885-11ed-a159-14cb196d9ca7
,97021031,b729e272-7717-11ed-93e9-14cb196d9ca7,26e4ce87-7885-11ed-a159-14cb196d9ca7
,91762323,b729e272-7717-11ed-93e9-14cb196d9ca7,26e4ce87-7885-11ed-a159-14cb196d9ca7
,3098099269,b729e272-7717-11ed-93e9-14cb196d9ca7,26e4ce87-7885-11ed-a159-14cb196d9ca7
,3104525967,b729e272-7717-11ed-93e9-14cb196d9ca7,26e4ce87-7885-11ed-a159-14cb196d9ca7
,95453923,b729e272-7717-11ed-93e9-14cb196d9ca7,26e4ce87-7885-11ed-a159-14cb196d9ca7
,81083690,b729e272-7717-11ed-93e9-14cb196d9ca7,26e4ce87-7885-11ed-a159-14cb196d9ca7
,3108085707,b729e272-7717-11ed-93e9-14cb196d9ca7,26e4d00f-7885-11ed-a159-14cb196d9ca7
,93668929,b729e272-7717-11ed-93e9-14cb196d9ca7,26e4d00f-7885-11ed-a159-14cb196d9ca7
,98891514,b729e272-7717-11ed-93e9-14cb196d9ca7,26e4d00f-7885-11ed-a159-14cb196d9ca7
,92122011,b729e272-7717-11ed-93e9-14cb196d9ca7,26e4d00f-7885-11ed-a159-14cb196d9ca7
,108042317,b729e272-7717-11ed-93e9-14cb196d9ca7,26e4d00f-7885-11ed-a159-14cb196d9ca7
,94576374,b729e272-7717-11ed-93e9-14cb196d9ca7,26e4d00f-7885-11ed-a159-14cb196d9ca7
,104717762,b729e272-7717-11ed-93e9-14cb196d9ca7,26e4d00f-7885-11ed-a159-14cb196d9ca7
,96438732,b729e272-7717-11ed-93e9-14cb196d9ca7,26e4d00f-7885-11ed-a159-14cb196d9ca7
,101366517,b729e272-7717-11ed-93e9-14cb196d9ca7,26e4d00f-7885-11ed-a159-14cb196d9ca7
,104366964,b729e272-7717-11ed-93e9-14cb196d9ca7,26e4d00f-7885-11ed-a159-14cb196d9ca7
,96918692,b729e272-7717-11ed-93e9-14cb196d9ca7,26e4d00f-7885-11ed-a159-14cb196d9ca7
,97167146,b729e272-7717-11ed-93e9-14cb196d9ca7,26e4d00f-7885-11ed-a159-14cb196d9ca7
,99534082,b729e272-7717-11ed-93e9-14cb196d9ca7,26e4d00f-7885-11ed-a159-14cb196d9ca7
,94985255,b729e272-7717-11ed-93e9-14cb196d9ca7,26e4d00f-7885-11ed-a159-14cb196d9ca7
,108153757,b729e272-7717-11ed-93e9-14cb196d9ca7,26e4d00f-7885-11ed-a159-14cb196d9ca7
,3092660634,b729e272-7717-11ed-93e9-14cb196d9ca7,26e4d00f-7885-11ed-a159-14cb196d9ca7
,1111121525,b729e272-7717-11ed-93e9-14cb196d9ca7,26e4d00f-7885-11ed-a159-14cb196d9ca7
,105788151,b729e272-7717-11ed-93e9-14cb196d9ca7,26e4d00f-7885-11ed-a159-14cb196d9ca7
,91221313,b729e272-7717-11ed-93e9-14cb196d9ca7,26e4d00f-7885-11ed-a159-14cb196d9ca7
,3108600843,b729e272-7717-11ed-93e9-14cb196d9ca7,26e4d00f-7885-11ed-a159-14cb196d9ca7
,94821775,b729e272-7717-11ed-93e9-14cb196d9ca7,26e4d00f-7885-11ed-a159-14cb196d9ca7
,92987034,b729e272-7717-11ed-93e9-14cb196d9ca7,26e4d00f-7885-11ed-a159-14cb196d9ca7
,108353259,b729e272-7717-11ed-93e9-14cb196d9ca7,26e4d00f-7885-11ed-a159-14cb196d9ca7
,108545580,b729e272-7717-11ed-93e9-14cb196d9ca7,26e4d00f-7885-11ed-a159-14cb196d9ca7
,93744331,b729e272-7717-11ed-93e9-14cb196d9ca7,26e4d00f-7885-11ed-a159-14cb196d9ca7
,95119907,b729e272-7717-11ed-93e9-14cb196d9ca7,26e4d00f-7885-11ed-a159-14cb196d9ca7
,3090845140,b729e272-7717-11ed-93e9-14cb196d9ca7,26e4d00f-7885-11ed-a159-14cb196d9ca7
,98559270,b729e272-7717-11ed-93e9-14cb196d9ca7,26e4d00f-7885-11ed-a159-14cb196d9ca7
,102541441,b729e272-7717-11ed-93e9-14cb196d9ca7,26e4d00f-7885-11ed-a159-14cb196d9ca7
,3096308390,b729e272-7717-11ed-93e9-14cb196d9ca7,26e4d00f-7885-11ed-a159-14cb196d9ca7
,94838240,b729e272-7717-11ed-93e9-14cb196d9ca7,26e4d00f-7885-11ed-a159-14cb196d9ca7
,102021807,b729e272-7717-11ed-93e9-14cb196d9ca7,26e4d00f-7885-11ed-a159-14cb196d9ca7
,104923327,b729e272-7717-11ed-93e9-14cb196d9ca7,26e4d166-7885-11ed-a159-14cb196d9ca7
,106200372,b729e272-7717-11ed-93e9-14cb196d9ca7,26e4d166-7885-11ed-a159-14cb196d9ca7
,103879173,b729e272-7717-11ed-93e9-14cb196d9ca7,26e4d166-7885-11ed-a159-14cb196d9ca7
,109711873,b729e272-7717-11ed-93e9-14cb196d9ca7,26e4d166-7885-11ed-a159-14cb196d9ca7
,103205487,b729e272-7717-11ed-93e9-14cb196d9ca7,26e4d166-7885-11ed-a159-14cb196d9ca7
,108583498,b729e272-7717-11ed-93e9-14cb196d9ca7,26e4d166-7885-11ed-a159-14cb196d9ca7
,3096795341,b729e272-7717-11ed-93e9-14cb196d9ca7,26e4d166-7885-11ed-a159-14cb196d9ca7
,3092205643,b729e272-7717-11ed-93e9-14cb196d9ca7,26e4d166-7885-11ed-a159-14cb196d9ca7
,108328427,b729e272-7717-11ed-93e9-14cb196d9ca7,26e4d166-7885-11ed-a159-14cb196d9ca7
,93296987,b729e272-7717-11ed-93e9-14cb196d9ca7,26e4d166-7885-11ed-a159-14cb196d9ca7
,102843487,b729e272-7717-11ed-93e9-14cb196d9ca7,26e4d166-7885-11ed-a159-14cb196d9ca7
,101929461,b729e272-7717-11ed-93e9-14cb196d9ca7,26e4d166-7885-11ed-a159-14cb196d9ca7
,3097855993,b729e272-7717-11ed-93e9-14cb196d9ca7,26e4d166-7885-11ed-a159-14cb196d9ca7
,3095142408,b729e272-7717-11ed-93e9-14cb196d9ca7,26e4d166-7885-11ed-a159-14cb196d9ca7
,107043861,b729e272-7717-11ed-93e9-14cb196d9ca7,26e4d166-7885-11ed-a159-14cb196d9ca7
,3105084711,b729e272-7717-11ed-93e9-14cb196d9ca7,26e4d166-7885-11ed-a159-14cb196d9ca7
,96136619,b729e272-7717-11ed-93e9-14cb196d9ca7,26e4d166-7885-11ed-a159-14cb196d9ca7
,103205989,b729e272-7717-11ed-93e9-14cb196d9ca7,26e4d166-7885-11ed-a159-14cb196d9ca7
,94588109,b729e272-7717-11ed-93e9-14cb196d9ca7,26e4d166-7885-11ed-a159-14cb196d9ca7
,94255731,b729e272-7717-11ed-93e9-14cb196d9ca7,26e4d166-7885-11ed-a159-14cb196d9ca7
,99524295,b729e272-7717-11ed-93e9-14cb196d9ca7,26e4d166-7885-11ed-a159-14cb196d9ca7
,3092978423,b729e272-7717-11ed-93e9-14cb196d9ca7,26e4d166-7885-11ed-a159-14cb196d9ca7
,3103859256,b729e272-7717-11ed-93e9-14cb196d9ca7,26e4d166-7885-11ed-a159-14cb196d9ca7
,108486033,b729e272-7717-11ed-93e9-14cb196d9ca7,26e4d166-7885-11ed-a159-14cb196d9ca7
,102284678,b729e272-7717-11ed-93e9-14cb196d9ca7,26e4d166-7885-11ed-a159-14cb196d9ca7
,91968185,b729e272-7717-11ed-93e9-14cb196d9ca7,26e4d166-7885-11ed-a159-14cb196d9ca7
,3090980176,b729e272-7717-11ed-93e9-14cb196d9ca7,26e4d166-7885-11ed-a159-14cb196d9ca7
,104363898,b729e272-7717-11ed-93e9-14cb196d9ca7,26e4d166-7885-11ed-a159-14cb196d9ca7
,92240885,b729e272-7717-11ed-93e9-14cb196d9ca7,26e4d166-7885-11ed-a159-14cb196d9ca7
,93658334,b729e272-7717-11ed-93e9-14cb196d9ca7,26e4d166-7885-11ed-a159-14cb196d9ca7
,107702550,b729e272-7717-11ed-93e9-14cb196d9ca7,26e4d166-7885-11ed-a159-14cb196d9ca7
,105580136,b729e272-7717-11ed-93e9-14cb196d9ca7,26e4d166-7885-11ed-a159-14cb196d9ca7
,92663346,b729e272-7717-11ed-93e9-14cb196d9ca7,26e4d2c4-7885-11ed-a159-14cb196d9ca7
,103607635,b729e272-7717-11ed-93e9-14cb196d9ca7,26e4d2c4-7885-11ed-a159-14cb196d9ca7
,98419009,b729e272-7717-11ed-93e9-14cb196d9ca7,26e4d2c4-7885-11ed-a159-14cb196d9ca7
,3094464921,b729e272-7717-11ed-93e9-14cb196d9ca7,26e4d2c4-7885-11ed-a159-14cb196d9ca7
,3094364423,b729e272-7717-11ed-93e9-14cb196d9ca7,26e4d2c4-7885-11ed-a159-14cb196d9ca7
,106561011,b729e272-7717-11ed-93e9-14cb196d9ca7,26e4d2c4-7885-11ed-a159-14cb196d9ca7
,3091928387,b729e272-7717-11ed-93e9-14cb196d9ca7,26e4d2c4-7885-11ed-a159-14cb196d9ca7
,119435717,b729e272-7717-11ed-93e9-14cb196d9ca7,26e4d2c4-7885-11ed-a159-14cb196d9ca7
,3107814006,b729e272-7717-11ed-93e9-14cb196d9ca7,26e4d2c4-7885-11ed-a159-14cb196d9ca7
,3104588053,b729e272-7717-11ed-93e9-14cb196d9ca7,26e4d2c4-7885-11ed-a159-14cb196d9ca7
,95274027,b729e272-7717-11ed-93e9-14cb196d9ca7,26e4d2c4-7885-11ed-a159-14cb196d9ca7
,93114428,b729e272-7717-11ed-93e9-14cb196d9ca7,26e4d2c4-7885-11ed-a159-14cb196d9ca7
,96654506,b729e272-7717-11ed-93e9-14cb196d9ca7,26e4d2c4-7885-11ed-a159-14cb196d9ca7
,93656557,b729e272-7717-11ed-93e9-14cb196d9ca7,26e4d2c4-7885-11ed-a159-14cb196d9ca7
,3091578673,b729e272-7717-11ed-93e9-14cb196d9ca7,26e4d2c4-7885-11ed-a159-14cb196d9ca7
,103456710,b729e272-7717-11ed-93e9-14cb196d9ca7,26e4d2c4-7885-11ed-a159-14cb196d9ca7
,91868398,b729e272-7717-11ed-93e9-14cb196d9ca7,26e4d2c4-7885-11ed-a159-14cb196d9ca7
,93023955,b729e272-7717-11ed-93e9-14cb196d9ca7,26e4d2c4-7885-11ed-a159-14cb196d9ca7
,3108677627,b729e272-7717-11ed-93e9-14cb196d9ca7,26e4d2c4-7885-11ed-a159-14cb196d9ca7
,95510221,b729e272-7717-11ed-93e9-14cb196d9ca7,26e4d2c4-7885-11ed-a159-14cb196d9ca7
,103665917,b729e272-7717-11ed-93e9-14cb196d9ca7,26e4d2c4-7885-11ed-a159-14cb196d9ca7
,91135830,b729e272-7717-11ed-93e9-14cb196d9ca7,26e4d2c4-7885-11ed-a159-14cb196d9ca7
,93848066,b729e272-7717-11ed-93e9-14cb196d9ca7,26e4d2c4-7885-11ed-a159-14cb196d9ca7
,94138193,b729e272-7717-11ed-93e9-14cb196d9ca7,26e4d2c4-7885-11ed-a159-14cb196d9ca7
,93790675,b729e272-7717-11ed-93e9-14cb196d9ca7,26e4d2c4-7885-11ed-a159-14cb196d9ca7
,103876167,b729e272-7717-11ed-93e9-14cb196d9ca7,26e4d2c4-7885-11ed-a159-14cb196d9ca7
,103895217,b729e272-7717-11ed-93e9-14cb196d9ca7,26e4d2c4-7885-11ed-a159-14cb196d9ca7
,108663525,b729e272-7717-11ed-93e9-14cb196d9ca7,26e4d2c4-7885-11ed-a159-14cb196d9ca7
,107035688,b729e272-7717-11ed-93e9-14cb196d9ca7,26e4d2c4-7885-11ed-a159-14cb196d9ca7
,3098323153,b729e272-7717-11ed-93e9-14cb196d9ca7,26e4d2c4-7885-11ed-a159-14cb196d9ca7
,108580140,b729e272-7717-11ed-93e9-14cb196d9ca7,26e4d2c4-7885-11ed-a159-14cb196d9ca7
,98626545,b729e272-7717-11ed-93e9-14cb196d9ca7,26e4d2c4-7885-11ed-a159-14cb196d9ca7
,102544989,b729e272-7717-11ed-93e9-14cb196d9ca7,26e4d42e-7885-11ed-a159-14cb196d9ca7
,3092321756,b729e272-7717-11ed-93e9-14cb196d9ca7,26e4d42e-7885-11ed-a159-14cb196d9ca7
,91161967,b729e272-7717-11ed-93e9-14cb196d9ca7,26e4d42e-7885-11ed-a159-14cb196d9ca7
,98363663,b729e272-7717-11ed-93e9-14cb196d9ca7,26e4d42e-7885-11ed-a159-14cb196d9ca7
,3101123824,b729e272-7717-11ed-93e9-14cb196d9ca7,26e4d42e-7885-11ed-a159-14cb196d9ca7
,98062150,b729e272-7717-11ed-93e9-14cb196d9ca7,26e4d42e-7885-11ed-a159-14cb196d9ca7
,102471767,b729e272-7717-11ed-93e9-14cb196d9ca7,26e4d42e-7885-11ed-a159-14cb196d9ca7
,106389432,b729e272-7717-11ed-93e9-14cb196d9ca7,26e4d42e-7885-11ed-a159-14cb196d9ca7
,95674934,b729e272-7717-11ed-93e9-14cb196d9ca7,26e4d42e-7885-11ed-a159-14cb196d9ca7
,108412428,b729e272-7717-11ed-93e9-14cb196d9ca7,26e4d42e-7885-11ed-a159-14cb196d9ca7
,103649533,b729e272-7717-11ed-93e9-14cb196d9ca7,26e4d42e-7885-11ed-a159-14cb196d9ca7
,106468443,b729e272-7717-11ed-93e9-14cb196d9ca7,26e4d42e-7885-11ed-a159-14cb196d9ca7
,109231117,b729e272-7717-11ed-93e9-14cb196d9ca7,26e4d42e-7885-11ed-a159-14cb196d9ca7
,99752906,b729e272-7717-11ed-93e9-14cb196d9ca7,26e4d42e-7885-11ed-a159-14cb196d9ca7
,95913241,b729e272-7717-11ed-93e9-14cb196d9ca7,26e4d42e-7885-11ed-a159-14cb196d9ca7
,3108695357,b729e272-7717-11ed-93e9-14cb196d9ca7,26e4d42e-7885-11ed-a159-14cb196d9ca7
,91697344,b729e272-7717-11ed-93e9-14cb196d9ca7,26e4d42e-7885-11ed-a159-14cb196d9ca7
,106624009,b729e272-7717-11ed-93e9-14cb196d9ca7,26e4d42e-7885-11ed-a159-14cb196d9ca7
,94513706,b729e272-7717-11ed-93e9-14cb196d9ca7,26e4d42e-7885-11ed-a159-14cb196d9ca7
,95223749,b729e272-7717-11ed-93e9-14cb196d9ca7,26e4d42e-7885-11ed-a159-14cb196d9ca7
,94031627,b729e272-7717-11ed-93e9-14cb196d9ca7,26e4d42e-7885-11ed-a159-14cb196d9ca7
,103298416,b729e272-7717-11ed-93e9-14cb196d9ca7,26e4d42e-7885-11ed-a159-14cb196d9ca7
,95745399,b729e272-7717-11ed-93e9-14cb196d9ca7,26e4d42e-7885-11ed-a159-14cb196d9ca7
,91861166,b729e272-7717-11ed-93e9-14cb196d9ca7,26e4d42e-7885-11ed-a159-14cb196d9ca7
,96954081,b729e272-7717-11ed-93e9-14cb196d9ca7,26e4d42e-7885-11ed-a159-14cb196d9ca7
,102045847,b729e272-7717-11ed-93e9-14cb196d9ca7,26e4d42e-7885-11ed-a159-14cb196d9ca7
,105796072,b729e272-7717-11ed-93e9-14cb196d9ca7,26e4d42e-7885-11ed-a159-14cb196d9ca7
,3101071753,b729e272-7717-11ed-93e9-14cb196d9ca7,26e4d42e-7885-11ed-a159-14cb196d9ca7
,109739563,b729e272-7717-11ed-93e9-14cb196d9ca7,26e4d42e-7885-11ed-a159-14cb196d9ca7
,3091185004,b729e272-7717-11ed-93e9-14cb196d9ca7,26e4d42e-7885-11ed-a159-14cb196d9ca7
,3106981547,b729e272-7717-11ed-93e9-14cb196d9ca7,26e4d42e-7885-11ed-a159-14cb196d9ca7
,91153486,b729e272-7717-11ed-93e9-14cb196d9ca7,26e4d42e-7885-11ed-a159-14cb196d9ca7
,101525247,b729e272-7717-11ed-93e9-14cb196d9ca7,26e4d589-7885-11ed-a159-14cb196d9ca7
,91451715,b729e272-7717-11ed-93e9-14cb196d9ca7,26e4d589-7885-11ed-a159-14cb196d9ca7
,93922274,b729e272-7717-11ed-93e9-14cb196d9ca7,26e4d589-7885-11ed-a159-14cb196d9ca7
,101619045,b729e272-7717-11ed-93e9-14cb196d9ca7,26e4d589-7885-11ed-a159-14cb196d9ca7
,97955872,b729e272-7717-11ed-93e9-14cb196d9ca7,26e4d589-7885-11ed-a159-14cb196d9ca7
,107630805,b729e272-7717-11ed-93e9-14cb196d9ca7,26e4d589-7885-11ed-a159-14cb196d9ca7
,102425187,b729e272-7717-11ed-93e9-14cb196d9ca7,26e4d589-7885-11ed-a159-14cb196d9ca7
,91145280,b729e272-7717-11ed-93e9-14cb196d9ca7,26e4d589-7885-11ed-a159-14cb196d9ca7
,93469049,b729e272-7717-11ed-93e9-14cb196d9ca7,26e4d589-7885-11ed-a159-14cb196d9ca7
,109716282,b729e272-7717-11ed-93e9-14cb196d9ca7,26e4d589-7885-11ed-a159-14cb196d9ca7
,92564798,b729e272-7717-11ed-93e9-14cb196d9ca7,26e4d589-7885-11ed-a159-14cb196d9ca7
,103661310,b729e272-7717-11ed-93e9-14cb196d9ca7,26e4d589-7885-11ed-a159-14cb196d9ca7
,3093810507,b729e272-7717-11ed-93e9-14cb196d9ca7,26e4d589-7885-11ed-a159-14cb196d9ca7
,92693148,b729e272-7717-11ed-93e9-14cb196d9ca7,26e4d589-7885-11ed-a159-14cb196d9ca7
,1111121489,b729e272-7717-11ed-93e9-14cb196d9ca7,26e4d589-7885-11ed-a159-14cb196d9ca7
,101800437,b729e272-7717-11ed-93e9-14cb196d9ca7,26e4d589-7885-11ed-a159-14cb196d9ca7
,105774531,b729e272-7717-11ed-93e9-14cb196d9ca7,26e4d589-7885-11ed-a159-14cb196d9ca7
,105514895,b729e272-7717-11ed-93e9-14cb196d9ca7,26e4d589-7885-11ed-a159-14cb196d9ca7
,3095963731,b729e272-7717-11ed-93e9-14cb196d9ca7,26e4d589-7885-11ed-a159-14cb196d9ca7
,3104221347,b729e272-7717-11ed-93e9-14cb196d9ca7,26e4d589-7885-11ed-a159-14cb196d9ca7
,108851901,b729e272-7717-11ed-93e9-14cb196d9ca7,26e4d589-7885-11ed-a159-14cb196d9ca7
,3098440038,b729e272-7717-11ed-93e9-14cb196d9ca7,26e4d589-7885-11ed-a159-14cb196d9ca7
,3105795808,b729e272-7717-11ed-93e9-14cb196d9ca7,26e4d589-7885-11ed-a159-14cb196d9ca7
,91904453,b729e272-7717-11ed-93e9-14cb196d9ca7,26e4d589-7885-11ed-a159-14cb196d9ca7
,1111121530,b729e272-7717-11ed-93e9-14cb196d9ca7,26e4d589-7885-11ed-a159-14cb196d9ca7
,101049973,b729e272-7717-11ed-93e9-14cb196d9ca7,26e4d589-7885-11ed-a159-14cb196d9ca7
,1111121539,b729e272-7717-11ed-93e9-14cb196d9ca7,26e4d589-7885-11ed-a159-14cb196d9ca7
,95133185,b729e272-7717-11ed-93e9-14cb196d9ca7,26e4d589-7885-11ed-a159-14cb196d9ca7
,109282007,b729e272-7717-11ed-93e9-14cb196d9ca7,26e4d589-7885-11ed-a159-14cb196d9ca7
,94628022,b729e272-7717-11ed-93e9-14cb196d9ca7,26e4d589-7885-11ed-a159-14cb196d9ca7
,107459201,b729e272-7717-11ed-93e9-14cb196d9ca7,26e4d589-7885-11ed-a159-14cb196d9ca7
,95914668,b729e272-7717-11ed-93e9-14cb196d9ca7,26e4d589-7885-11ed-a159-14cb196d9ca7
,3080529163,b729e272-7717-11ed-93e9-14cb196d9ca7,26e4d6e5-7885-11ed-a159-14cb196d9ca7
,3083881105,b729e272-7717-11ed-93e9-14cb196d9ca7,26e4d6e5-7885-11ed-a159-14cb196d9ca7
,3089566399,b729e272-7717-11ed-93e9-14cb196d9ca7,26e4d6e5-7885-11ed-a159-14cb196d9ca7
,3082541071,b729e272-7717-11ed-93e9-14cb196d9ca7,26e4d6e5-7885-11ed-a159-14cb196d9ca7
,3093671255,b729e272-7717-11ed-93e9-14cb196d9ca7,26e4d6e5-7885-11ed-a159-14cb196d9ca7
,3083676954,b729e272-7717-11ed-93e9-14cb196d9ca7,26e4d6e5-7885-11ed-a159-14cb196d9ca7
,3087687180,b729e272-7717-11ed-93e9-14cb196d9ca7,26e4d6e5-7885-11ed-a159-14cb196d9ca7
,98664746,b729e272-7717-11ed-93e9-14cb196d9ca7,26e4d6e5-7885-11ed-a159-14cb196d9ca7
,94351432,b729e272-7717-11ed-93e9-14cb196d9ca7,26e4d6e5-7885-11ed-a159-14cb196d9ca7
,82283405,b729e272-7717-11ed-93e9-14cb196d9ca7,26e4d6e5-7885-11ed-a159-14cb196d9ca7
,85178953,b729e272-7717-11ed-93e9-14cb196d9ca7,26e4d6e5-7885-11ed-a159-14cb196d9ca7
,84232078,b729e272-7717-11ed-93e9-14cb196d9ca7,26e4d6e5-7885-11ed-a159-14cb196d9ca7
,93545503,b729e272-7717-11ed-93e9-14cb196d9ca7,26e4d6e5-7885-11ed-a159-14cb196d9ca7
,86493347,b729e272-7717-11ed-93e9-14cb196d9ca7,26e4d6e5-7885-11ed-a159-14cb196d9ca7
,89938049,b729e272-7717-11ed-93e9-14cb196d9ca7,26e4d6e5-7885-11ed-a159-14cb196d9ca7
,98061944,b729e272-7717-11ed-93e9-14cb196d9ca7,26e4d6e5-7885-11ed-a159-14cb196d9ca7
,87593231,b729e272-7717-11ed-93e9-14cb196d9ca7,26e4d6e5-7885-11ed-a159-14cb196d9ca7
,83706640,b729e272-7717-11ed-93e9-14cb196d9ca7,26e4d6e5-7885-11ed-a159-14cb196d9ca7
,83449563,b729e272-7717-11ed-93e9-14cb196d9ca7,26e4d6e5-7885-11ed-a159-14cb196d9ca7
,93843740,b729e272-7717-11ed-93e9-14cb196d9ca7,26e4d6e5-7885-11ed-a159-14cb196d9ca7
,94505001,b729e272-7717-11ed-93e9-14cb196d9ca7,26e4d6e5-7885-11ed-a159-14cb196d9ca7
,96167408,b729e272-7717-11ed-93e9-14cb196d9ca7,26e4d6e5-7885-11ed-a159-14cb196d9ca7
,94225121,b729e272-7717-11ed-93e9-14cb196d9ca7,26e4d6e5-7885-11ed-a159-14cb196d9ca7
,82211768,b729e272-7717-11ed-93e9-14cb196d9ca7,26e4d6e5-7885-11ed-a159-14cb196d9ca7
,83850689,b729e272-7717-11ed-93e9-14cb196d9ca7,26e4d6e5-7885-11ed-a159-14cb196d9ca7
,95526697,b729e272-7717-11ed-93e9-14cb196d9ca7,26e4d6e5-7885-11ed-a159-14cb196d9ca7
,85019236,b729e272-7717-11ed-93e9-14cb196d9ca7,26e4d6e5-7885-11ed-a159-14cb196d9ca7
,81348502,b729e272-7717-11ed-93e9-14cb196d9ca7,26e4d6e5-7885-11ed-a159-14cb196d9ca7
,95410239,b729e272-7717-11ed-93e9-14cb196d9ca7,26e4d6e5-7885-11ed-a159-14cb196d9ca7
,83619028,b729e272-7717-11ed-93e9-14cb196d9ca7,26e4d6e5-7885-11ed-a159-14cb196d9ca7
,82697205,b729e272-7717-11ed-93e9-14cb196d9ca7,26e4d6e5-7885-11ed-a159-14cb196d9ca7
,99080771,b729e272-7717-11ed-93e9-14cb196d9ca7,26e4d6e5-7885-11ed-a159-14cb196d9ca7
,93408744,b729e272-7717-11ed-93e9-14cb196d9ca7,26e4d84a-7885-11ed-a159-14cb196d9ca7
,3088742130,b729e272-7717-11ed-93e9-14cb196d9ca7,26e4d84a-7885-11ed-a159-14cb196d9ca7
,3085068045,b729e272-7717-11ed-93e9-14cb196d9ca7,26e4d84a-7885-11ed-a159-14cb196d9ca7
,3095876510,b729e272-7717-11ed-93e9-14cb196d9ca7,26e4d84a-7885-11ed-a159-14cb196d9ca7
,3087519344,b729e272-7717-11ed-93e9-14cb196d9ca7,26e4d84a-7885-11ed-a159-14cb196d9ca7
,3082883482,b729e272-7717-11ed-93e9-14cb196d9ca7,26e4d84a-7885-11ed-a159-14cb196d9ca7
,3082433209,b729e272-7717-11ed-93e9-14cb196d9ca7,26e4d84a-7885-11ed-a159-14cb196d9ca7
,3088908006,b729e272-7717-11ed-93e9-14cb196d9ca7,26e4d84a-7885-11ed-a159-14cb196d9ca7
,3096183862,b729e272-7717-11ed-93e9-14cb196d9ca7,26e4d84a-7885-11ed-a159-14cb196d9ca7
,3086513367,b729e272-7717-11ed-93e9-14cb196d9ca7,26e4d84a-7885-11ed-a159-14cb196d9ca7
,84379441,b729e272-7717-11ed-93e9-14cb196d9ca7,26e4d84a-7885-11ed-a159-14cb196d9ca7
,83845750,b729e272-7717-11ed-93e9-14cb196d9ca7,26e4d84a-7885-11ed-a159-14cb196d9ca7
,88877018,b729e272-7717-11ed-93e9-14cb196d9ca7,26e4d84a-7885-11ed-a159-14cb196d9ca7
,86225761,b729e272-7717-11ed-93e9-14cb196d9ca7,26e4d84a-7885-11ed-a159-14cb196d9ca7
,83110627,b729e272-7717-11ed-93e9-14cb196d9ca7,26e4d84a-7885-11ed-a159-14cb196d9ca7
,96155462,b729e272-7717-11ed-93e9-14cb196d9ca7,26e4d84a-7885-11ed-a159-14cb196d9ca7
,92613591,b729e272-7717-11ed-93e9-14cb196d9ca7,26e4d84a-7885-11ed-a159-14cb196d9ca7
,97697314,b729e272-7717-11ed-93e9-14cb196d9ca7,26e4d84a-7885-11ed-a159-14cb196d9ca7
,82398547,b729e272-7717-11ed-93e9-14cb196d9ca7,26e4d84a-7885-11ed-a159-14cb196d9ca7
,96797886,b729e272-7717-11ed-93e9-14cb196d9ca7,26e4d84a-7885-11ed-a159-14cb196d9ca7
,105799407,b729e272-7717-11ed-93e9-14cb196d9ca7,26e4d84a-7885-11ed-a159-14cb196d9ca7
,86939372,b729e272-7717-11ed-93e9-14cb196d9ca7,26e4d84a-7885-11ed-a159-14cb196d9ca7
,93216046,b729e272-7717-11ed-93e9-14cb196d9ca7,26e4d84a-7885-11ed-a159-14cb196d9ca7
,86447314,b729e272-7717-11ed-93e9-14cb196d9ca7,26e4d84a-7885-11ed-a159-14cb196d9ca7
,89429133,b729e272-7717-11ed-93e9-14cb196d9ca7,26e4d84a-7885-11ed-a159-14cb196d9ca7
,88049055,b729e272-7717-11ed-93e9-14cb196d9ca7,26e4d84a-7885-11ed-a159-14cb196d9ca7
,93535647,b729e272-7717-11ed-93e9-14cb196d9ca7,26e4d84a-7885-11ed-a159-14cb196d9ca7
,95451829,b729e272-7717-11ed-93e9-14cb196d9ca7,26e4d84a-7885-11ed-a159-14cb196d9ca7
,83029241,b729e272-7717-11ed-93e9-14cb196d9ca7,26e4d84a-7885-11ed-a159-14cb196d9ca7
,81926998,b729e272-7717-11ed-93e9-14cb196d9ca7,26e4d84a-7885-11ed-a159-14cb196d9ca7
,3095249940,b729e272-7717-11ed-93e9-14cb196d9ca7,26e4d84a-7885-11ed-a159-14cb196d9ca7
,84612693,b729e272-7717-11ed-93e9-14cb196d9ca7,26e4d84a-7885-11ed-a159-14cb196d9ca7
,3085671327,b729e272-7717-11ed-93e9-14cb196d9ca7,26e4d9ab-7885-11ed-a159-14cb196d9ca7
,3096822004,b729e272-7717-11ed-93e9-14cb196d9ca7,26e4d9ab-7885-11ed-a159-14cb196d9ca7
,3084881966,b729e272-7717-11ed-93e9-14cb196d9ca7,26e4d9ab-7885-11ed-a159-14cb196d9ca7
,97915997,b729e272-7717-11ed-93e9-14cb196d9ca7,26e4d9ab-7885-11ed-a159-14cb196d9ca7
,96245181,b729e272-7717-11ed-93e9-14cb196d9ca7,26e4d9ab-7885-11ed-a159-14cb196d9ca7
,95351307,b729e272-7717-11ed-93e9-14cb196d9ca7,26e4d9ab-7885-11ed-a159-14cb196d9ca7
,86525424,b729e272-7717-11ed-93e9-14cb196d9ca7,26e4d9ab-7885-11ed-a159-14cb196d9ca7
,81593521,b729e272-7717-11ed-93e9-14cb196d9ca7,26e4d9ab-7885-11ed-a159-14cb196d9ca7
,88207510,b729e272-7717-11ed-93e9-14cb196d9ca7,26e4d9ab-7885-11ed-a159-14cb196d9ca7
,85654833,b729e272-7717-11ed-93e9-14cb196d9ca7,26e4d9ab-7885-11ed-a159-14cb196d9ca7
,91463055,b729e272-7717-11ed-93e9-14cb196d9ca7,26e4d9ab-7885-11ed-a159-14cb196d9ca7
,93872152,b729e272-7717-11ed-93e9-14cb196d9ca7,26e4d9ab-7885-11ed-a159-14cb196d9ca7
,98957398,b729e272-7717-11ed-93e9-14cb196d9ca7,26e4d9ab-7885-11ed-a159-14cb196d9ca7
,97405823,b729e272-7717-11ed-93e9-14cb196d9ca7,26e4d9ab-7885-11ed-a159-14cb196d9ca7
,88981048,b729e272-7717-11ed-93e9-14cb196d9ca7,26e4d9ab-7885-11ed-a159-14cb196d9ca7
,84270383,b729e272-7717-11ed-93e9-14cb196d9ca7,26e4d9ab-7885-11ed-a159-14cb196d9ca7
,95440183,b729e272-7717-11ed-93e9-14cb196d9ca7,26e4d9ab-7885-11ed-a159-14cb196d9ca7
,97863068,b729e272-7717-11ed-93e9-14cb196d9ca7,26e4d9ab-7885-11ed-a159-14cb196d9ca7
,91964557,b729e272-7717-11ed-93e9-14cb196d9ca7,26e4d9ab-7885-11ed-a159-14cb196d9ca7
,89905703,b729e272-7717-11ed-93e9-14cb196d9ca7,26e4d9ab-7885-11ed-a159-14cb196d9ca7
,94184475,b729e272-7717-11ed-93e9-14cb196d9ca7,26e4d9ab-7885-11ed-a159-14cb196d9ca7
,83770178,b729e272-7717-11ed-93e9-14cb196d9ca7,26e4d9ab-7885-11ed-a159-14cb196d9ca7
,91463252,b729e272-7717-11ed-93e9-14cb196d9ca7,26e4d9ab-7885-11ed-a159-14cb196d9ca7
,88616806,b729e272-7717-11ed-93e9-14cb196d9ca7,26e4d9ab-7885-11ed-a159-14cb196d9ca7
,81380034,b729e272-7717-11ed-93e9-14cb196d9ca7,26e4d9ab-7885-11ed-a159-14cb196d9ca7
,84747030,b729e272-7717-11ed-93e9-14cb196d9ca7,26e4d9ab-7885-11ed-a159-14cb196d9ca7
,99397460,b729e272-7717-11ed-93e9-14cb196d9ca7,26e4d9ab-7885-11ed-a159-14cb196d9ca7
,99849217,b729e272-7717-11ed-93e9-14cb196d9ca7,26e4d9ab-7885-11ed-a159-14cb196d9ca7
,94108331,b729e272-7717-11ed-93e9-14cb196d9ca7,26e4d9ab-7885-11ed-a159-14cb196d9ca7
,85349317,b729e272-7717-11ed-93e9-14cb196d9ca7,26e4d9ab-7885-11ed-a159-14cb196d9ca7
,98570242,b729e272-7717-11ed-93e9-14cb196d9ca7,26e4d9ab-7885-11ed-a159-14cb196d9ca7
,81800823,b729e272-7717-11ed-93e9-14cb196d9ca7,26e4d9ab-7885-11ed-a159-14cb196d9ca7
,3093433054,b729e272-7717-11ed-93e9-14cb196d9ca7,26e4db1f-7885-11ed-a159-14cb196d9ca7
,3093299366,b729e272-7717-11ed-93e9-14cb196d9ca7,26e4db1f-7885-11ed-a159-14cb196d9ca7
,3081981268,b729e272-7717-11ed-93e9-14cb196d9ca7,26e4db1f-7885-11ed-a159-14cb196d9ca7
,3083169706,b729e272-7717-11ed-93e9-14cb196d9ca7,26e4db1f-7885-11ed-a159-14cb196d9ca7
,3081818011,b729e272-7717-11ed-93e9-14cb196d9ca7,26e4db1f-7885-11ed-a159-14cb196d9ca7
,3095565132,b729e272-7717-11ed-93e9-14cb196d9ca7,26e4db1f-7885-11ed-a159-14cb196d9ca7
,3092330713,b729e272-7717-11ed-93e9-14cb196d9ca7,26e4db1f-7885-11ed-a159-14cb196d9ca7
,83717627,b729e272-7717-11ed-93e9-14cb196d9ca7,26e4db1f-7885-11ed-a159-14cb196d9ca7
,95604909,b729e272-7717-11ed-93e9-14cb196d9ca7,26e4db1f-7885-11ed-a159-14cb196d9ca7
,86256403,b729e272-7717-11ed-93e9-14cb196d9ca7,26e4db1f-7885-11ed-a159-14cb196d9ca7
,99092300,b729e272-7717-11ed-93e9-14cb196d9ca7,26e4db1f-7885-11ed-a159-14cb196d9ca7
,89181651,b729e272-7717-11ed-93e9-14cb196d9ca7,26e4db1f-7885-11ed-a159-14cb196d9ca7
,98098358,b729e272-7717-11ed-93e9-14cb196d9ca7,26e4db1f-7885-11ed-a159-14cb196d9ca7
,99227067,b729e272-7717-11ed-93e9-14cb196d9ca7,26e4db1f-7885-11ed-a159-14cb196d9ca7
,86298337,b729e272-7717-11ed-93e9-14cb196d9ca7,26e4db1f-7885-11ed-a159-14cb196d9ca7
,97890768,b729e272-7717-11ed-93e9-14cb196d9ca7,26e4db1f-7885-11ed-a159-14cb196d9ca7
,95168933,b729e272-7717-11ed-93e9-14cb196d9ca7,26e4db1f-7885-11ed-a159-14cb196d9ca7
,93835796,b729e272-7717-11ed-93e9-14cb196d9ca7,26e4db1f-7885-11ed-a159-14cb196d9ca7
,93922982,b729e272-7717-11ed-93e9-14cb196d9ca7,26e4db1f-7885-11ed-a159-14cb196d9ca7
,86476583,b729e272-7717-11ed-93e9-14cb196d9ca7,26e4db1f-7885-11ed-a159-14cb196d9ca7
,82348026,b729e272-7717-11ed-93e9-14cb196d9ca7,26e4db1f-7885-11ed-a159-14cb196d9ca7
,98240214,b729e272-7717-11ed-93e9-14cb196d9ca7,26e4db1f-7885-11ed-a159-14cb196d9ca7
,81390012,b729e272-7717-11ed-93e9-14cb196d9ca7,26e4db1f-7885-11ed-a159-14cb196d9ca7
,87606234,b729e272-7717-11ed-93e9-14cb196d9ca7,26e4db1f-7885-11ed-a159-14cb196d9ca7
,99971208,b729e272-7717-11ed-93e9-14cb196d9ca7,26e4db1f-7885-11ed-a159-14cb196d9ca7
,87817888,b729e272-7717-11ed-93e9-14cb196d9ca7,26e4db1f-7885-11ed-a159-14cb196d9ca7
,98968001,b729e272-7717-11ed-93e9-14cb196d9ca7,26e4db1f-7885-11ed-a159-14cb196d9ca7
,99583447,b729e272-7717-11ed-93e9-14cb196d9ca7,26e4db1f-7885-11ed-a159-14cb196d9ca7
,81242047,b729e272-7717-11ed-93e9-14cb196d9ca7,26e4db1f-7885-11ed-a159-14cb196d9ca7
,94636606,b729e272-7717-11ed-93e9-14cb196d9ca7,26e4db1f-7885-11ed-a159-14cb196d9ca7
,89511049,b729e272-7717-11ed-93e9-14cb196d9ca7,26e4db1f-7885-11ed-a159-14cb196d9ca7
,92891695,b729e272-7717-11ed-93e9-14cb196d9ca7,26e4db1f-7885-11ed-a159-14cb196d9ca7
,88956758,b729e272-7717-11ed-93e9-14cb196d9ca7,26e4db1f-7885-11ed-a159-14cb196d9ca7
,91085687,b729e272-7717-11ed-93e9-14cb196d9ca7,26e4db1f-7885-11ed-a159-14cb196d9ca7
,3080416240,b729e272-7717-11ed-93e9-14cb196d9ca7,26e4dc96-7885-11ed-a159-14cb196d9ca7
,3088625326,b729e272-7717-11ed-93e9-14cb196d9ca7,26e4dc96-7885-11ed-a159-14cb196d9ca7
,3080290767,b729e272-7717-11ed-93e9-14cb196d9ca7,26e4dc96-7885-11ed-a159-14cb196d9ca7
,3081394384,b729e272-7717-11ed-93e9-14cb196d9ca7,26e4dc96-7885-11ed-a159-14cb196d9ca7
,3090459919,b729e272-7717-11ed-93e9-14cb196d9ca7,26e4dc96-7885-11ed-a159-14cb196d9ca7
,3084279073,b729e272-7717-11ed-93e9-14cb196d9ca7,26e4dc96-7885-11ed-a159-14cb196d9ca7
,3087538773,b729e272-7717-11ed-93e9-14cb196d9ca7,26e4dc96-7885-11ed-a159-14cb196d9ca7
,3094730911,b729e272-7717-11ed-93e9-14cb196d9ca7,26e4dc96-7885-11ed-a159-14cb196d9ca7
,98243735,b729e272-7717-11ed-93e9-14cb196d9ca7,26e4dc96-7885-11ed-a159-14cb196d9ca7
,86822200,b729e272-7717-11ed-93e9-14cb196d9ca7,26e4dc96-7885-11ed-a159-14cb196d9ca7
,88043800,b729e272-7717-11ed-93e9-14cb196d9ca7,26e4dc96-7885-11ed-a159-14cb196d9ca7
,92173092,b729e272-7717-11ed-93e9-14cb196d9ca7,26e4dc96-7885-11ed-a159-14cb196d9ca7
,95918890,b729e272-7717-11ed-93e9-14cb196d9ca7,26e4dc96-7885-11ed-a159-14cb196d9ca7
,98017668,b729e272-7717-11ed-93e9-14cb196d9ca7,26e4dc96-7885-11ed-a159-14cb196d9ca7
,95554420,b729e272-7717-11ed-93e9-14cb196d9ca7,26e4dc96-7885-11ed-a159-14cb196d9ca7
,99173201,b729e272-7717-11ed-93e9-14cb196d9ca7,26e4dc96-7885-11ed-a159-14cb196d9ca7
,84451227,b729e272-7717-11ed-93e9-14cb196d9ca7,26e4dc96-7885-11ed-a159-14cb196d9ca7
,91497864,b729e272-7717-11ed-93e9-14cb196d9ca7,26e4dc96-7885-11ed-a159-14cb196d9ca7
,81383730,b729e272-7717-11ed-93e9-14cb196d9ca7,26e4dc96-7885-11ed-a159-14cb196d9ca7
,86836041,b729e272-7717-11ed-93e9-14cb196d9ca7,26e4dc96-7885-11ed-a159-14cb196d9ca7
,89433811,b729e272-7717-11ed-93e9-14cb196d9ca7,26e4dc96-7885-11ed-a159-14cb196d9ca7
,95216456,b729e272-7717-11ed-93e9-14cb196d9ca7,26e4dc96-7885-11ed-a159-14cb196d9ca7
,84382406,b729e272-7717-11ed-93e9-14cb196d9ca7,26e4dc96-7885-11ed-a159-14cb196d9ca7
,76123775,b729e272-7717-11ed-93e9-14cb196d9ca7,26e4dc96-7885-11ed-a159-14cb196d9ca7
,97832858,b729e272-7717-11ed-93e9-14cb196d9ca7,26e4dc96-7885-11ed-a159-14cb196d9ca7
,97122667,b729e272-7717-11ed-93e9-14cb196d9ca7,26e4dc96-7885-11ed-a159-14cb196d9ca7
,92029045,b729e272-7717-11ed-93e9-14cb196d9ca7,26e4dc96-7885-11ed-a159-14cb196d9ca7
,97933787,b729e272-7717-11ed-93e9-14cb196d9ca7,26e4dc96-7885-11ed-a159-14cb196d9ca7
,83260992,b729e272-7717-11ed-93e9-14cb196d9ca7,26e4dc96-7885-11ed-a159-14cb196d9ca7
,91098386,b729e272-7717-11ed-93e9-14cb196d9ca7,26e4dc96-7885-11ed-a159-14cb196d9ca7
,82187924,b729e272-7717-11ed-93e9-14cb196d9ca7,26e4dc96-7885-11ed-a159-14cb196d9ca7
,98757685,b729e272-7717-11ed-93e9-14cb196d9ca7,26e4dc96-7885-11ed-a159-14cb196d9ca7
,84865445,b729e272-7717-11ed-93e9-14cb196d9ca7,26e4dc96-7885-11ed-a159-14cb196d9ca7
,83201264,b729e272-7717-11ed-93e9-14cb196d9ca7,26e4dc96-7885-11ed-a159-14cb196d9ca7
,3083905654,b729e272-7717-11ed-93e9-14cb196d9ca7,26e4de19-7885-11ed-a159-14cb196d9ca7
,3087259996,b729e272-7717-11ed-93e9-14cb196d9ca7,26e4de19-7885-11ed-a159-14cb196d9ca7
,88005215,b729e272-7717-11ed-93e9-14cb196d9ca7,26e4de19-7885-11ed-a159-14cb196d9ca7
,3085559242,b729e272-7717-11ed-93e9-14cb196d9ca7,26e4de19-7885-11ed-a159-14cb196d9ca7
,3098000544,b729e272-7717-11ed-93e9-14cb196d9ca7,26e4de19-7885-11ed-a159-14cb196d9ca7
,95544891,b729e272-7717-11ed-93e9-14cb196d9ca7,26e4de19-7885-11ed-a159-14cb196d9ca7
,98980962,b729e272-7717-11ed-93e9-14cb196d9ca7,26e4de19-7885-11ed-a159-14cb196d9ca7
,83178468,b729e272-7717-11ed-93e9-14cb196d9ca7,26e4de19-7885-11ed-a159-14cb196d9ca7
,82847726,b729e272-7717-11ed-93e9-14cb196d9ca7,26e4de19-7885-11ed-a159-14cb196d9ca7
,98437957,b729e272-7717-11ed-93e9-14cb196d9ca7,26e4de19-7885-11ed-a159-14cb196d9ca7
,88007762,b729e272-7717-11ed-93e9-14cb196d9ca7,26e4de19-7885-11ed-a159-14cb196d9ca7
,86743368,b729e272-7717-11ed-93e9-14cb196d9ca7,26e4de19-7885-11ed-a159-14cb196d9ca7
,95341245,b729e272-7717-11ed-93e9-14cb196d9ca7,26e4de19-7885-11ed-a159-14cb196d9ca7
,81746048,b729e272-7717-11ed-93e9-14cb196d9ca7,26e4de19-7885-11ed-a159-14cb196d9ca7
,89530741,b729e272-7717-11ed-93e9-14cb196d9ca7,26e4de19-7885-11ed-a159-14cb196d9ca7
,92799475,b729e272-7717-11ed-93e9-14cb196d9ca7,26e4de19-7885-11ed-a159-14cb196d9ca7
,84891478,b729e272-7717-11ed-93e9-14cb196d9ca7,26e4de19-7885-11ed-a159-14cb196d9ca7
,94939918,b729e272-7717-11ed-93e9-14cb196d9ca7,26e4de19-7885-11ed-a159-14cb196d9ca7
,86208273,b729e272-7717-11ed-93e9-14cb196d9ca7,26e4de19-7885-11ed-a159-14cb196d9ca7
,83041455,b729e272-7717-11ed-93e9-14cb196d9ca7,26e4de19-7885-11ed-a159-14cb196d9ca7
,81260990,b729e272-7717-11ed-93e9-14cb196d9ca7,26e4de19-7885-11ed-a159-14cb196d9ca7
,97043649,b729e272-7717-11ed-93e9-14cb196d9ca7,26e4de19-7885-11ed-a159-14cb196d9ca7
,82102348,b729e272-7717-11ed-93e9-14cb196d9ca7,26e4de19-7885-11ed-a159-14cb196d9ca7
,99434246,b729e272-7717-11ed-93e9-14cb196d9ca7,26e4de19-7885-11ed-a159-14cb196d9ca7
,92409240,b729e272-7717-11ed-93e9-14cb196d9ca7,26e4de19-7885-11ed-a159-14cb196d9ca7
,88238685,b729e272-7717-11ed-93e9-14cb196d9ca7,26e4de19-7885-11ed-a159-14cb196d9ca7
,83248348,b729e272-7717-11ed-93e9-14cb196d9ca7,26e4de19-7885-11ed-a159-14cb196d9ca7
,89411591,b729e272-7717-11ed-93e9-14cb196d9ca7,26e4de19-7885-11ed-a159-14cb196d9ca7
,94860054,b729e272-7717-11ed-93e9-14cb196d9ca7,26e4de19-7885-11ed-a159-14cb196d9ca7
,91808755,b729e272-7717-11ed-93e9-14cb196d9ca7,26e4de19-7885-11ed-a159-14cb196d9ca7
,99759914,b729e272-7717-11ed-93e9-14cb196d9ca7,26e4de19-7885-11ed-a159-14cb196d9ca7
,91670103,b729e272-7717-11ed-93e9-14cb196d9ca7,26e4de19-7885-11ed-a159-14cb196d9ca7
,3082511996,b729e272-7717-11ed-93e9-14cb196d9ca7,26e4dfa5-7885-11ed-a159-14cb196d9ca7
,3080013777,b729e272-7717-11ed-93e9-14cb196d9ca7,26e4dfa5-7885-11ed-a159-14cb196d9ca7
,3084752579,b729e272-7717-11ed-93e9-14cb196d9ca7,26e4dfa5-7885-11ed-a159-14cb196d9ca7
,3092020824,b729e272-7717-11ed-93e9-14cb196d9ca7,26e4dfa5-7885-11ed-a159-14cb196d9ca7
,3099232474,b729e272-7717-11ed-93e9-14cb196d9ca7,26e4dfa5-7885-11ed-a159-14cb196d9ca7
,96090574,b729e272-7717-11ed-93e9-14cb196d9ca7,26e4dfa5-7885-11ed-a159-14cb196d9ca7
,97977292,b729e272-7717-11ed-93e9-14cb196d9ca7,26e4dfa5-7885-11ed-a159-14cb196d9ca7
,83432802,b729e272-7717-11ed-93e9-14cb196d9ca7,26e4dfa5-7885-11ed-a159-14cb196d9ca7
,91050354,b729e272-7717-11ed-93e9-14cb196d9ca7,26e4dfa5-7885-11ed-a159-14cb196d9ca7
,95259228,b729e272-7717-11ed-93e9-14cb196d9ca7,26e4dfa5-7885-11ed-a159-14cb196d9ca7
,99785271,b729e272-7717-11ed-93e9-14cb196d9ca7,26e4dfa5-7885-11ed-a159-14cb196d9ca7
,86029213,b729e272-7717-11ed-93e9-14cb196d9ca7,26e4dfa5-7885-11ed-a159-14cb196d9ca7
,82972651,b729e272-7717-11ed-93e9-14cb196d9ca7,26e4dfa5-7885-11ed-a159-14cb196d9ca7
,83294394,b729e272-7717-11ed-93e9-14cb196d9ca7,26e4dfa5-7885-11ed-a159-14cb196d9ca7
,96875831,b729e272-7717-11ed-93e9-14cb196d9ca7,26e4dfa5-7885-11ed-a159-14cb196d9ca7
,86227023,b729e272-7717-11ed-93e9-14cb196d9ca7,26e4dfa5-7885-11ed-a159-14cb196d9ca7
,85302353,b729e272-7717-11ed-93e9-14cb196d9ca7,26e4dfa5-7885-11ed-a159-14cb196d9ca7
,87161884,b729e272-7717-11ed-93e9-14cb196d9ca7,26e4dfa5-7885-11ed-a159-14cb196d9ca7
,89529094,b729e272-7717-11ed-93e9-14cb196d9ca7,26e4dfa5-7885-11ed-a159-14cb196d9ca7
,98970060,b729e272-7717-11ed-93e9-14cb196d9ca7,26e4dfa5-7885-11ed-a159-14cb196d9ca7
,87038992,b729e272-7717-11ed-93e9-14cb196d9ca7,26e4dfa5-7885-11ed-a159-14cb196d9ca7
,91028777,b729e272-7717-11ed-93e9-14cb196d9ca7,26e4dfa5-7885-11ed-a159-14cb196d9ca7
,86080395,b729e272-7717-11ed-93e9-14cb196d9ca7,26e4dfa5-7885-11ed-a159-14cb196d9ca7
,88987569,b729e272-7717-11ed-93e9-14cb196d9ca7,26e4dfa5-7885-11ed-a159-14cb196d9ca7
,85853545,b729e272-7717-11ed-93e9-14cb196d9ca7,26e4dfa5-7885-11ed-a159-14cb196d9ca7
,97739793,b729e272-7717-11ed-93e9-14cb196d9ca7,26e4dfa5-7885-11ed-a159-14cb196d9ca7
,86652463,b729e272-7717-11ed-93e9-14cb196d9ca7,26e4dfa5-7885-11ed-a159-14cb196d9ca7
,93660867,b729e272-7717-11ed-93e9-14cb196d9ca7,26e4dfa5-7885-11ed-a159-14cb196d9ca7
,92945580,b729e272-7717-11ed-93e9-14cb196d9ca7,26e4dfa5-7885-11ed-a159-14cb196d9ca7
,87167992,b729e272-7717-11ed-93e9-14cb196d9ca7,26e4dfa5-7885-11ed-a159-14cb196d9ca7
,86756427,b729e272-7717-11ed-93e9-14cb196d9ca7,26e4dfa5-7885-11ed-a159-14cb196d9ca7
,89907312,b729e272-7717-11ed-93e9-14cb196d9ca7,26e4dfa5-7885-11ed-a159-14cb196d9ca7
,3089440160,b729e272-7717-11ed-93e9-14cb196d9ca7,26e4e17d-7885-11ed-a159-14cb196d9ca7
,84116330,b729e272-7717-11ed-93e9-14cb196d9ca7,26e4e17d-7885-11ed-a159-14cb196d9ca7
,3093749476,b729e272-7717-11ed-93e9-14cb196d9ca7,26e4e17d-7885-11ed-a159-14cb196d9ca7
,93726580,b729e272-7717-11ed-93e9-14cb196d9ca7,26e4e17d-7885-11ed-a159-14cb196d9ca7
,99270809,b729e272-7717-11ed-93e9-14cb196d9ca7,26e4e17d-7885-11ed-a159-14cb196d9ca7
,94956901,b729e272-7717-11ed-93e9-14cb196d9ca7,26e4e17d-7885-11ed-a159-14cb196d9ca7
,85238466,b729e272-7717-11ed-93e9-14cb196d9ca7,26e4e17d-7885-11ed-a159-14cb196d9ca7
,85085089,b729e272-7717-11ed-93e9-14cb196d9ca7,26e4e17d-7885-11ed-a159-14cb196d9ca7
,94410721,b729e272-7717-11ed-93e9-14cb196d9ca7,26e4e17d-7885-11ed-a159-14cb196d9ca7
,96888285,b729e272-7717-11ed-93e9-14cb196d9ca7,26e4e17d-7885-11ed-a159-14cb196d9ca7
,97272279,b729e272-7717-11ed-93e9-14cb196d9ca7,26e4e17d-7885-11ed-a159-14cb196d9ca7
,81780012,b729e272-7717-11ed-93e9-14cb196d9ca7,26e4e17d-7885-11ed-a159-14cb196d9ca7
,83525326,b729e272-7717-11ed-93e9-14cb196d9ca7,26e4e17d-7885-11ed-a159-14cb196d9ca7
,94623565,b729e272-7717-11ed-93e9-14cb196d9ca7,26e4e17d-7885-11ed-a159-14cb196d9ca7
,67670101,b729e272-7717-11ed-93e9-14cb196d9ca7,26e4e17d-7885-11ed-a159-14cb196d9ca7
,94722413,b729e272-7717-11ed-93e9-14cb196d9ca7,26e4e17d-7885-11ed-a159-14cb196d9ca7
,97032708,b729e272-7717-11ed-93e9-14cb196d9ca7,26e4e17d-7885-11ed-a159-14cb196d9ca7
,84123959,b729e272-7717-11ed-93e9-14cb196d9ca7,26e4e17d-7885-11ed-a159-14cb196d9ca7
,87703345,b729e272-7717-11ed-93e9-14cb196d9ca7,26e4e17d-7885-11ed-a159-14cb196d9ca7
,81941927,b729e272-7717-11ed-93e9-14cb196d9ca7,26e4e17d-7885-11ed-a159-14cb196d9ca7
,99146360,b729e272-7717-11ed-93e9-14cb196d9ca7,26e4e17d-7885-11ed-a159-14cb196d9ca7
,93398921,b729e272-7717-11ed-93e9-14cb196d9ca7,26e4e17d-7885-11ed-a159-14cb196d9ca7
,82780698,b729e272-7717-11ed-93e9-14cb196d9ca7,26e4e17d-7885-11ed-a159-14cb196d9ca7
,85074298,b729e272-7717-11ed-93e9-14cb196d9ca7,26e4e17d-7885-11ed-a159-14cb196d9ca7
,88268249,b729e272-7717-11ed-93e9-14cb196d9ca7,26e4e17d-7885-11ed-a159-14cb196d9ca7
,89375390,b729e272-7717-11ed-93e9-14cb196d9ca7,26e4e17d-7885-11ed-a159-14cb196d9ca7
,96550644,b729e272-7717-11ed-93e9-14cb196d9ca7,26e4e17d-7885-11ed-a159-14cb196d9ca7
,97388210,b729e272-7717-11ed-93e9-14cb196d9ca7,26e4e17d-7885-11ed-a159-14cb196d9ca7
,81240840,b729e272-7717-11ed-93e9-14cb196d9ca7,26e4e17d-7885-11ed-a159-14cb196d9ca7
,95415766,b729e272-7717-11ed-93e9-14cb196d9ca7,26e4e17d-7885-11ed-a159-14cb196d9ca7
,83785383,b729e272-7717-11ed-93e9-14cb196d9ca7,26e4e17d-7885-11ed-a159-14cb196d9ca7
,3094770241,b729e272-7717-11ed-93e9-14cb196d9ca7,26e4e717-7885-11ed-a159-14cb196d9ca7
,3086623807,b729e272-7717-11ed-93e9-14cb196d9ca7,26e4e717-7885-11ed-a159-14cb196d9ca7
,3088929032,b729e272-7717-11ed-93e9-14cb196d9ca7,26e4e717-7885-11ed-a159-14cb196d9ca7
,3096019065,b729e272-7717-11ed-93e9-14cb196d9ca7,26e4e717-7885-11ed-a159-14cb196d9ca7
,3099180766,b729e272-7717-11ed-93e9-14cb196d9ca7,26e4e717-7885-11ed-a159-14cb196d9ca7
,82930360,b729e272-7717-11ed-93e9-14cb196d9ca7,26e4e717-7885-11ed-a159-14cb196d9ca7
,97326686,b729e272-7717-11ed-93e9-14cb196d9ca7,26e4e717-7885-11ed-a159-14cb196d9ca7
,99003344,b729e272-7717-11ed-93e9-14cb196d9ca7,26e4e717-7885-11ed-a159-14cb196d9ca7
,91429769,b729e272-7717-11ed-93e9-14cb196d9ca7,26e4e717-7885-11ed-a159-14cb196d9ca7
,94256526,b729e272-7717-11ed-93e9-14cb196d9ca7,26e4e717-7885-11ed-a159-14cb196d9ca7
,91741121,b729e272-7717-11ed-93e9-14cb196d9ca7,26e4e717-7885-11ed-a159-14cb196d9ca7
,94725374,b729e272-7717-11ed-93e9-14cb196d9ca7,26e4e717-7885-11ed-a159-14cb196d9ca7
,97020065,b729e272-7717-11ed-93e9-14cb196d9ca7,26e4e717-7885-11ed-a159-14cb196d9ca7
,82914568,b729e272-7717-11ed-93e9-14cb196d9ca7,26e4e717-7885-11ed-a159-14cb196d9ca7
,85345089,b729e272-7717-11ed-93e9-14cb196d9ca7,26e4e717-7885-11ed-a159-14cb196d9ca7
,82274549,b729e272-7717-11ed-93e9-14cb196d9ca7,26e4e717-7885-11ed-a159-14cb196d9ca7
,96106316,b729e272-7717-11ed-93e9-14cb196d9ca7,26e4e717-7885-11ed-a159-14cb196d9ca7
,95285857,b729e272-7717-11ed-93e9-14cb196d9ca7,26e4e717-7885-11ed-a159-14cb196d9ca7
,91630890,b729e272-7717-11ed-93e9-14cb196d9ca7,26e4e717-7885-11ed-a159-14cb196d9ca7
,81289491,b729e272-7717-11ed-93e9-14cb196d9ca7,26e4e717-7885-11ed-a159-14cb196d9ca7
,85796246,b729e272-7717-11ed-93e9-14cb196d9ca7,26e4e717-7885-11ed-a159-14cb196d9ca7
,81428400,b729e272-7717-11ed-93e9-14cb196d9ca7,26e4e717-7885-11ed-a159-14cb196d9ca7
,82600814,b729e272-7717-11ed-93e9-14cb196d9ca7,26e4e717-7885-11ed-a159-14cb196d9ca7
,89894254,b729e272-7717-11ed-93e9-14cb196d9ca7,26e4e717-7885-11ed-a159-14cb196d9ca7
,81052717,b729e272-7717-11ed-93e9-14cb196d9ca7,26e4e717-7885-11ed-a159-14cb196d9ca7
,94047898,b729e272-7717-11ed-93e9-14cb196d9ca7,26e4e717-7885-11ed-a159-14cb196d9ca7
,95189677,b729e272-7717-11ed-93e9-14cb196d9ca7,26e4e717-7885-11ed-a159-14cb196d9ca7
,94440953,b729e272-7717-11ed-93e9-14cb196d9ca7,26e4e717-7885-11ed-a159-14cb196d9ca7
,83043431,b729e272-7717-11ed-93e9-14cb196d9ca7,26e4e717-7885-11ed-a159-14cb196d9ca7
,86218641,b729e272-7717-11ed-93e9-14cb196d9ca7,26e4e717-7885-11ed-a159-14cb196d9ca7
,3089955718,b729e272-7717-11ed-93e9-14cb196d9ca7,26e4e717-7885-11ed-a159-14cb196d9ca7
,87749814,b729e272-7717-11ed-93e9-14cb196d9ca7,26e4e717-7885-11ed-a159-14cb196d9ca7
,76916836,b729e272-7717-11ed-93e9-14cb196d9ca7,26e4e96c-7885-11ed-a159-14cb196d9ca7
,74449591,b729e272-7717-11ed-93e9-14cb196d9ca7,26e4e96c-7885-11ed-a159-14cb196d9ca7
,75323919,b729e272-7717-11ed-93e9-14cb196d9ca7,26e4e96c-7885-11ed-a159-14cb196d9ca7
,84035712,b729e272-7717-11ed-93e9-14cb196d9ca7,26e4e96c-7885-11ed-a159-14cb196d9ca7
,71673004,b729e272-7717-11ed-93e9-14cb196d9ca7,26e4e96c-7885-11ed-a159-14cb196d9ca7
,74841157,b729e272-7717-11ed-93e9-14cb196d9ca7,26e4e96c-7885-11ed-a159-14cb196d9ca7
,79139632,b729e272-7717-11ed-93e9-14cb196d9ca7,26e4e96c-7885-11ed-a159-14cb196d9ca7
,77862662,b729e272-7717-11ed-93e9-14cb196d9ca7,26e4e96c-7885-11ed-a159-14cb196d9ca7
,76344166,b729e272-7717-11ed-93e9-14cb196d9ca7,26e4e96c-7885-11ed-a159-14cb196d9ca7
,76612147,b729e272-7717-11ed-93e9-14cb196d9ca7,26e4e96c-7885-11ed-a159-14cb196d9ca7
,73748762,b729e272-7717-11ed-93e9-14cb196d9ca7,26e4e96c-7885-11ed-a159-14cb196d9ca7
,89499688,b729e272-7717-11ed-93e9-14cb196d9ca7,26e4e96c-7885-11ed-a159-14cb196d9ca7
,87455557,b729e272-7717-11ed-93e9-14cb196d9ca7,26e4e96c-7885-11ed-a159-14cb196d9ca7
,76127612,b729e272-7717-11ed-93e9-14cb196d9ca7,26e4e96c-7885-11ed-a159-14cb196d9ca7
,83042074,b729e272-7717-11ed-93e9-14cb196d9ca7,26e4e96c-7885-11ed-a159-14cb196d9ca7
,83755221,b729e272-7717-11ed-93e9-14cb196d9ca7,26e4e96c-7885-11ed-a159-14cb196d9ca7
,82338961,b729e272-7717-11ed-93e9-14cb196d9ca7,26e4e96c-7885-11ed-a159-14cb196d9ca7
,85286641,b729e272-7717-11ed-93e9-14cb196d9ca7,26e4e96c-7885-11ed-a159-14cb196d9ca7
,81462821,b729e272-7717-11ed-93e9-14cb196d9ca7,26e4e96c-7885-11ed-a159-14cb196d9ca7
,81632534,b729e272-7717-11ed-93e9-14cb196d9ca7,26e4e96c-7885-11ed-a159-14cb196d9ca7
,86256067,b729e272-7717-11ed-93e9-14cb196d9ca7,26e4e96c-7885-11ed-a159-14cb196d9ca7
,85457745,b729e272-7717-11ed-93e9-14cb196d9ca7,26e4e96c-7885-11ed-a159-14cb196d9ca7
,82133757,b729e272-7717-11ed-93e9-14cb196d9ca7,26e4e96c-7885-11ed-a159-14cb196d9ca7
,77528144,b729e272-7717-11ed-93e9-14cb196d9ca7,26e4e96c-7885-11ed-a159-14cb196d9ca7
,79795007,b729e272-7717-11ed-93e9-14cb196d9ca7,26e4e96c-7885-11ed-a159-14cb196d9ca7
,74365035,b729e272-7717-11ed-93e9-14cb196d9ca7,26e4e96c-7885-11ed-a159-14cb196d9ca7
,71328105,b729e272-7717-11ed-93e9-14cb196d9ca7,26e4e96c-7885-11ed-a159-14cb196d9ca7
,78209373,b729e272-7717-11ed-93e9-14cb196d9ca7,26e4e96c-7885-11ed-a159-14cb196d9ca7
,74712755,b729e272-7717-11ed-93e9-14cb196d9ca7,26e4e96c-7885-11ed-a159-14cb196d9ca7
,79617403,b729e272-7717-11ed-93e9-14cb196d9ca7,26e4eb22-7885-11ed-a159-14cb196d9ca7
,83049936,b729e272-7717-11ed-93e9-14cb196d9ca7,26e4eb22-7885-11ed-a159-14cb196d9ca7
,86421922,b729e272-7717-11ed-93e9-14cb196d9ca7,26e4eb22-7885-11ed-a159-14cb196d9ca7
,79584342,b729e272-7717-11ed-93e9-14cb196d9ca7,26e4eb22-7885-11ed-a159-14cb196d9ca7
,73326957,b729e272-7717-11ed-93e9-14cb196d9ca7,26e4eb22-7885-11ed-a159-14cb196d9ca7
,55031152,b729e272-7717-11ed-93e9-14cb196d9ca7,26e4eb22-7885-11ed-a159-14cb196d9ca7
,84117598,b729e272-7717-11ed-93e9-14cb196d9ca7,26e4eb22-7885-11ed-a159-14cb196d9ca7
,71467678,b729e272-7717-11ed-93e9-14cb196d9ca7,26e4eb22-7885-11ed-a159-14cb196d9ca7
,76176859,b729e272-7717-11ed-93e9-14cb196d9ca7,26e4eb22-7885-11ed-a159-14cb196d9ca7
,79992649,b729e272-7717-11ed-93e9-14cb196d9ca7,26e4eb22-7885-11ed-a159-14cb196d9ca7
,74121730,b729e272-7717-11ed-93e9-14cb196d9ca7,26e4eb22-7885-11ed-a159-14cb196d9ca7
,88018317,b729e272-7717-11ed-93e9-14cb196d9ca7,26e4eb22-7885-11ed-a159-14cb196d9ca7
,85612748,b729e272-7717-11ed-93e9-14cb196d9ca7,26e4eb22-7885-11ed-a159-14cb196d9ca7
,86987147,b729e272-7717-11ed-93e9-14cb196d9ca7,26e4eb22-7885-11ed-a159-14cb196d9ca7
,82518796,b729e272-7717-11ed-93e9-14cb196d9ca7,26e4eb22-7885-11ed-a159-14cb196d9ca7
,86341776,b729e272-7717-11ed-93e9-14cb196d9ca7,26e4eb22-7885-11ed-a159-14cb196d9ca7
,84515131,b729e272-7717-11ed-93e9-14cb196d9ca7,26e4eb22-7885-11ed-a159-14cb196d9ca7
,71752973,b729e272-7717-11ed-93e9-14cb196d9ca7,26e4eb22-7885-11ed-a159-14cb196d9ca7
,73586415,b729e272-7717-11ed-93e9-14cb196d9ca7,26e4eb22-7885-11ed-a159-14cb196d9ca7
,3073483996,b729e272-7717-11ed-93e9-14cb196d9ca7,26e4eb22-7885-11ed-a159-14cb196d9ca7
,78444001,b729e272-7717-11ed-93e9-14cb196d9ca7,26e4eb22-7885-11ed-a159-14cb196d9ca7
,87886577,b729e272-7717-11ed-93e9-14cb196d9ca7,26e4eb22-7885-11ed-a159-14cb196d9ca7
,79544504,b729e272-7717-11ed-93e9-14cb196d9ca7,26e4eb22-7885-11ed-a159-14cb196d9ca7
,89754819,b729e272-7717-11ed-93e9-14cb196d9ca7,26e4eb22-7885-11ed-a159-14cb196d9ca7
,87902281,b729e272-7717-11ed-93e9-14cb196d9ca7,26e4eb22-7885-11ed-a159-14cb196d9ca7
,3077787564,b729e272-7717-11ed-93e9-14cb196d9ca7,26e4eb22-7885-11ed-a159-14cb196d9ca7
,78180432,b729e272-7717-11ed-93e9-14cb196d9ca7,26e4eb22-7885-11ed-a159-14cb196d9ca7
,75261449,b729e272-7717-11ed-93e9-14cb196d9ca7,26e4eb22-7885-11ed-a159-14cb196d9ca7
,73715270,b729e272-7717-11ed-93e9-14cb196d9ca7,26e4eb22-7885-11ed-a159-14cb196d9ca7
,76553347,b729e272-7717-11ed-93e9-14cb196d9ca7,26e4eb22-7885-11ed-a159-14cb196d9ca7
,81778474,b729e272-7717-11ed-93e9-14cb196d9ca7,26e4ecde-7885-11ed-a159-14cb196d9ca7
,71343008,b729e272-7717-11ed-93e9-14cb196d9ca7,26e4ecde-7885-11ed-a159-14cb196d9ca7
,85232209,b729e272-7717-11ed-93e9-14cb196d9ca7,26e4ecde-7885-11ed-a159-14cb196d9ca7
,82040884,b729e272-7717-11ed-93e9-14cb196d9ca7,26e4ecde-7885-11ed-a159-14cb196d9ca7
,72547207,b729e272-7717-11ed-93e9-14cb196d9ca7,26e4ecde-7885-11ed-a159-14cb196d9ca7
,74216040,b729e272-7717-11ed-93e9-14cb196d9ca7,26e4ecde-7885-11ed-a159-14cb196d9ca7
,87994386,b729e272-7717-11ed-93e9-14cb196d9ca7,26e4ecde-7885-11ed-a159-14cb196d9ca7
,72400381,b729e272-7717-11ed-93e9-14cb196d9ca7,26e4ecde-7885-11ed-a159-14cb196d9ca7
,75396667,b729e272-7717-11ed-93e9-14cb196d9ca7,26e4ecde-7885-11ed-a159-14cb196d9ca7
,86586813,b729e272-7717-11ed-93e9-14cb196d9ca7,26e4ecde-7885-11ed-a159-14cb196d9ca7
,77582682,b729e272-7717-11ed-93e9-14cb196d9ca7,26e4ecde-7885-11ed-a159-14cb196d9ca7
,71593551,b729e272-7717-11ed-93e9-14cb196d9ca7,26e4ecde-7885-11ed-a159-14cb196d9ca7
,72034846,b729e272-7717-11ed-93e9-14cb196d9ca7,26e4ecde-7885-11ed-a159-14cb196d9ca7
,76367562,b729e272-7717-11ed-93e9-14cb196d9ca7,26e4ecde-7885-11ed-a159-14cb196d9ca7
,77350634,b729e272-7717-11ed-93e9-14cb196d9ca7,26e4ecde-7885-11ed-a159-14cb196d9ca7
,75496410,b729e272-7717-11ed-93e9-14cb196d9ca7,26e4ecde-7885-11ed-a159-14cb196d9ca7
,89424567,b729e272-7717-11ed-93e9-14cb196d9ca7,26e4ecde-7885-11ed-a159-14cb196d9ca7
,85186170,b729e272-7717-11ed-93e9-14cb196d9ca7,26e4ecde-7885-11ed-a159-14cb196d9ca7
,85779511,b729e272-7717-11ed-93e9-14cb196d9ca7,26e4ecde-7885-11ed-a159-14cb196d9ca7
,86846178,b729e272-7717-11ed-93e9-14cb196d9ca7,26e4ecde-7885-11ed-a159-14cb196d9ca7
,88003829,b729e272-7717-11ed-93e9-14cb196d9ca7,26e4ecde-7885-11ed-a159-14cb196d9ca7
,86172672,b729e272-7717-11ed-93e9-14cb196d9ca7,26e4ecde-7885-11ed-a159-14cb196d9ca7
,77049228,b729e272-7717-11ed-93e9-14cb196d9ca7,26e4ecde-7885-11ed-a159-14cb196d9ca7
,76420833,b729e272-7717-11ed-93e9-14cb196d9ca7,26e4ecde-7885-11ed-a159-14cb196d9ca7
,78040633,b729e272-7717-11ed-93e9-14cb196d9ca7,26e4ecde-7885-11ed-a159-14cb196d9ca7
,86812765,b729e272-7717-11ed-93e9-14cb196d9ca7,26e4ecde-7885-11ed-a159-14cb196d9ca7
,87807648,b729e272-7717-11ed-93e9-14cb196d9ca7,26e4ecde-7885-11ed-a159-14cb196d9ca7
,84939881,b729e272-7717-11ed-93e9-14cb196d9ca7,26e4ecde-7885-11ed-a159-14cb196d9ca7
,77125693,b729e272-7717-11ed-93e9-14cb196d9ca7,26e4ecde-7885-11ed-a159-14cb196d9ca7
,86473203,b729e272-7717-11ed-93e9-14cb196d9ca7,26e4ecde-7885-11ed-a159-14cb196d9ca7
,83096029,b729e272-7717-11ed-93e9-14cb196d9ca7,26e4ecde-7885-11ed-a159-14cb196d9ca7
,82458983,b729e272-7717-11ed-93e9-14cb196d9ca7,26e4ecde-7885-11ed-a159-14cb196d9ca7
,82297457,b729e272-7717-11ed-93e9-14cb196d9ca7,26e4ee95-7885-11ed-a159-14cb196d9ca7
,89992783,b729e272-7717-11ed-93e9-14cb196d9ca7,26e4ee95-7885-11ed-a159-14cb196d9ca7
,87977945,b729e272-7717-11ed-93e9-14cb196d9ca7,26e4ee95-7885-11ed-a159-14cb196d9ca7
,74190083,b729e272-7717-11ed-93e9-14cb196d9ca7,26e4ee95-7885-11ed-a159-14cb196d9ca7
,85862927,b729e272-7717-11ed-93e9-14cb196d9ca7,26e4ee95-7885-11ed-a159-14cb196d9ca7
,3074691584,b729e272-7717-11ed-93e9-14cb196d9ca7,26e4ee95-7885-11ed-a159-14cb196d9ca7
,78416153,b729e272-7717-11ed-93e9-14cb196d9ca7,26e4ee95-7885-11ed-a159-14cb196d9ca7
,89237460,b729e272-7717-11ed-93e9-14cb196d9ca7,26e4ee95-7885-11ed-a159-14cb196d9ca7
,82373655,b729e272-7717-11ed-93e9-14cb196d9ca7,26e4ee95-7885-11ed-a159-14cb196d9ca7
,88645417,b729e272-7717-11ed-93e9-14cb196d9ca7,26e4ee95-7885-11ed-a159-14cb196d9ca7
,88771904,b729e272-7717-11ed-93e9-14cb196d9ca7,26e4ee95-7885-11ed-a159-14cb196d9ca7
,86010592,b729e272-7717-11ed-93e9-14cb196d9ca7,26e4ee95-7885-11ed-a159-14cb196d9ca7
,89156159,b729e272-7717-11ed-93e9-14cb196d9ca7,26e4ee95-7885-11ed-a159-14cb196d9ca7
,85849897,b729e272-7717-11ed-93e9-14cb196d9ca7,26e4ee95-7885-11ed-a159-14cb196d9ca7
,86804835,b729e272-7717-11ed-93e9-14cb196d9ca7,26e4ee95-7885-11ed-a159-14cb196d9ca7
,94056530,b729e272-7717-11ed-93e9-14cb196d9ca7,26e4ee95-7885-11ed-a159-14cb196d9ca7
,85955304,b729e272-7717-11ed-93e9-14cb196d9ca7,26e4ee95-7885-11ed-a159-14cb196d9ca7
,87364552,b729e272-7717-11ed-93e9-14cb196d9ca7,26e4ee95-7885-11ed-a159-14cb196d9ca7
,73409668,b729e272-7717-11ed-93e9-14cb196d9ca7,26e4ee95-7885-11ed-a159-14cb196d9ca7
,85513427,b729e272-7717-11ed-93e9-14cb196d9ca7,26e4ee95-7885-11ed-a159-14cb196d9ca7
,83822932,b729e272-7717-11ed-93e9-14cb196d9ca7,26e4ee95-7885-11ed-a159-14cb196d9ca7
,79994428,b729e272-7717-11ed-93e9-14cb196d9ca7,26e4ee95-7885-11ed-a159-14cb196d9ca7
,77894220,b729e272-7717-11ed-93e9-14cb196d9ca7,26e4ee95-7885-11ed-a159-14cb196d9ca7
,87349595,b729e272-7717-11ed-93e9-14cb196d9ca7,26e4ee95-7885-11ed-a159-14cb196d9ca7
,82392119,b729e272-7717-11ed-93e9-14cb196d9ca7,26e4ee95-7885-11ed-a159-14cb196d9ca7
,84103233,b729e272-7717-11ed-93e9-14cb196d9ca7,26e4ee95-7885-11ed-a159-14cb196d9ca7
,75206303,b729e272-7717-11ed-93e9-14cb196d9ca7,26e4ee95-7885-11ed-a159-14cb196d9ca7
,74033142,b729e272-7717-11ed-93e9-14cb196d9ca7,26e4ee95-7885-11ed-a159-14cb196d9ca7
,99446919,b729e272-7717-11ed-93e9-14cb196d9ca7,26e4ee95-7885-11ed-a159-14cb196d9ca7
,74107453,b729e272-7717-11ed-93e9-14cb196d9ca7,26e4ee95-7885-11ed-a159-14cb196d9ca7
,84579863,b729e272-7717-11ed-93e9-14cb196d9ca7,26e4ee95-7885-11ed-a159-14cb196d9ca7
,79719518,b729e272-7717-11ed-93e9-14cb196d9ca7,26e4f05a-7885-11ed-a159-14cb196d9ca7
,81534130,b729e272-7717-11ed-93e9-14cb196d9ca7,26e4f05a-7885-11ed-a159-14cb196d9ca7
,77094169,b729e272-7717-11ed-93e9-14cb196d9ca7,26e4f05a-7885-11ed-a159-14cb196d9ca7
,81744318,b729e272-7717-11ed-93e9-14cb196d9ca7,26e4f05a-7885-11ed-a159-14cb196d9ca7
,72373498,b729e272-7717-11ed-93e9-14cb196d9ca7,26e4f05a-7885-11ed-a159-14cb196d9ca7
,73289615,b729e272-7717-11ed-93e9-14cb196d9ca7,26e4f05a-7885-11ed-a159-14cb196d9ca7
,3082799725,b729e272-7717-11ed-93e9-14cb196d9ca7,26e4f05a-7885-11ed-a159-14cb196d9ca7
,74746053,b729e272-7717-11ed-93e9-14cb196d9ca7,26e4f05a-7885-11ed-a159-14cb196d9ca7
,83926385,b729e272-7717-11ed-93e9-14cb196d9ca7,26e4f05a-7885-11ed-a159-14cb196d9ca7
,85453523,b729e272-7717-11ed-93e9-14cb196d9ca7,26e4f05a-7885-11ed-a159-14cb196d9ca7
,88733401,b729e272-7717-11ed-93e9-14cb196d9ca7,26e4f05a-7885-11ed-a159-14cb196d9ca7
,71457446,b729e272-7717-11ed-93e9-14cb196d9ca7,26e4f05a-7885-11ed-a159-14cb196d9ca7
,72131000,b729e272-7717-11ed-93e9-14cb196d9ca7,26e4f05a-7885-11ed-a159-14cb196d9ca7
,87956455,b729e272-7717-11ed-93e9-14cb196d9ca7,26e4f05a-7885-11ed-a159-14cb196d9ca7
,76772425,b729e272-7717-11ed-93e9-14cb196d9ca7,26e4f05a-7885-11ed-a159-14cb196d9ca7
,79698617,b729e272-7717-11ed-93e9-14cb196d9ca7,26e4f05a-7885-11ed-a159-14cb196d9ca7
,87540056,b729e272-7717-11ed-93e9-14cb196d9ca7,26e4f05a-7885-11ed-a159-14cb196d9ca7
,71211040,b729e272-7717-11ed-93e9-14cb196d9ca7,26e4f05a-7885-11ed-a159-14cb196d9ca7
,75973946,b729e272-7717-11ed-93e9-14cb196d9ca7,26e4f05a-7885-11ed-a159-14cb196d9ca7
,3086642930,b729e272-7717-11ed-93e9-14cb196d9ca7,26e4f05a-7885-11ed-a159-14cb196d9ca7
,88385404,b729e272-7717-11ed-93e9-14cb196d9ca7,26e4f05a-7885-11ed-a159-14cb196d9ca7
,75344939,b729e272-7717-11ed-93e9-14cb196d9ca7,26e4f05a-7885-11ed-a159-14cb196d9ca7
,71361734,b729e272-7717-11ed-93e9-14cb196d9ca7,26e4f05a-7885-11ed-a159-14cb196d9ca7
,79341137,b729e272-7717-11ed-93e9-14cb196d9ca7,26e4f05a-7885-11ed-a159-14cb196d9ca7
,79910870,b729e272-7717-11ed-93e9-14cb196d9ca7,26e4f05a-7885-11ed-a159-14cb196d9ca7
,83667085,b729e272-7717-11ed-93e9-14cb196d9ca7,26e4f05a-7885-11ed-a159-14cb196d9ca7
,3071683799,b729e272-7717-11ed-93e9-14cb196d9ca7,26e4f05a-7885-11ed-a159-14cb196d9ca7
,89741679,b729e272-7717-11ed-93e9-14cb196d9ca7,26e4f05a-7885-11ed-a159-14cb196d9ca7
,76102177,b729e272-7717-11ed-93e9-14cb196d9ca7,26e4f05a-7885-11ed-a159-14cb196d9ca7
,85687202,b729e272-7717-11ed-93e9-14cb196d9ca7,26e4f05a-7885-11ed-a159-14cb196d9ca7
,86077482,b729e272-7717-11ed-93e9-14cb196d9ca7,26e4f05a-7885-11ed-a159-14cb196d9ca7
,87554067,b729e272-7717-11ed-93e9-14cb196d9ca7,26e4f05a-7885-11ed-a159-14cb196d9ca7
,88562069,b729e272-7717-11ed-93e9-14cb196d9ca7,26e4f220-7885-11ed-a159-14cb196d9ca7
,86483082,b729e272-7717-11ed-93e9-14cb196d9ca7,26e4f220-7885-11ed-a159-14cb196d9ca7
,71019569,b729e272-7717-11ed-93e9-14cb196d9ca7,26e4f220-7885-11ed-a159-14cb196d9ca7
,75864401,b729e272-7717-11ed-93e9-14cb196d9ca7,26e4f220-7885-11ed-a159-14cb196d9ca7
,77807680,b729e272-7717-11ed-93e9-14cb196d9ca7,26e4f220-7885-11ed-a159-14cb196d9ca7
,81454498,b729e272-7717-11ed-93e9-14cb196d9ca7,26e4f220-7885-11ed-a159-14cb196d9ca7
,84496614,b729e272-7717-11ed-93e9-14cb196d9ca7,26e4f220-7885-11ed-a159-14cb196d9ca7
,75557301,b729e272-7717-11ed-93e9-14cb196d9ca7,26e4f220-7885-11ed-a159-14cb196d9ca7
,78328355,b729e272-7717-11ed-93e9-14cb196d9ca7,26e4f220-7885-11ed-a159-14cb196d9ca7
,71218526,b729e272-7717-11ed-93e9-14cb196d9ca7,26e4f220-7885-11ed-a159-14cb196d9ca7
,71749072,b729e272-7717-11ed-93e9-14cb196d9ca7,26e4f220-7885-11ed-a159-14cb196d9ca7
,89092565,b729e272-7717-11ed-93e9-14cb196d9ca7,26e4f220-7885-11ed-a159-14cb196d9ca7
,83725046,b729e272-7717-11ed-93e9-14cb196d9ca7,26e4f220-7885-11ed-a159-14cb196d9ca7
,78601169,b729e272-7717-11ed-93e9-14cb196d9ca7,26e4f220-7885-11ed-a159-14cb196d9ca7
,82569391,b729e272-7717-11ed-93e9-14cb196d9ca7,26e4f220-7885-11ed-a159-14cb196d9ca7
,74316543,b729e272-7717-11ed-93e9-14cb196d9ca7,26e4f220-7885-11ed-a159-14cb196d9ca7
,72902092,b729e272-7717-11ed-93e9-14cb196d9ca7,26e4f220-7885-11ed-a159-14cb196d9ca7
,88150275,b729e272-7717-11ed-93e9-14cb196d9ca7,26e4f220-7885-11ed-a159-14cb196d9ca7
,71560726,b729e272-7717-11ed-93e9-14cb196d9ca7,26e4f220-7885-11ed-a159-14cb196d9ca7
,79968701,b729e272-7717-11ed-93e9-14cb196d9ca7,26e4f220-7885-11ed-a159-14cb196d9ca7
,74216182,b729e272-7717-11ed-93e9-14cb196d9ca7,26e4f220-7885-11ed-a159-14cb196d9ca7
,79289060,b729e272-7717-11ed-93e9-14cb196d9ca7,26e4f220-7885-11ed-a159-14cb196d9ca7
,76985518,b729e272-7717-11ed-93e9-14cb196d9ca7,26e4f220-7885-11ed-a159-14cb196d9ca7
,3073759346,b729e272-7717-11ed-93e9-14cb196d9ca7,26e4f220-7885-11ed-a159-14cb196d9ca7
,73995999,b729e272-7717-11ed-93e9-14cb196d9ca7,26e4f220-7885-11ed-a159-14cb196d9ca7
,73554390,b729e272-7717-11ed-93e9-14cb196d9ca7,26e4f220-7885-11ed-a159-14cb196d9ca7
,71990053,b729e272-7717-11ed-93e9-14cb196d9ca7,26e4f220-7885-11ed-a159-14cb196d9ca7
,81895761,b729e272-7717-11ed-93e9-14cb196d9ca7,26e4f220-7885-11ed-a159-14cb196d9ca7
,89854107,b729e272-7717-11ed-93e9-14cb196d9ca7,26e4f220-7885-11ed-a159-14cb196d9ca7
,89968836,b729e272-7717-11ed-93e9-14cb196d9ca7,26e4f220-7885-11ed-a159-14cb196d9ca7
,72001960,b729e272-7717-11ed-93e9-14cb196d9ca7,26e4f220-7885-11ed-a159-14cb196d9ca7
,85572574,b729e272-7717-11ed-93e9-14cb196d9ca7,26e4f220-7885-11ed-a159-14cb196d9ca7
,89808915,b729e272-7717-11ed-93e9-14cb196d9ca7,26e4f3ee-7885-11ed-a159-14cb196d9ca7
,73404207,b729e272-7717-11ed-93e9-14cb196d9ca7,26e4f3ee-7885-11ed-a159-14cb196d9ca7
,3076772350,b729e272-7717-11ed-93e9-14cb196d9ca7,26e4f3ee-7885-11ed-a159-14cb196d9ca7
,86456071,b729e272-7717-11ed-93e9-14cb196d9ca7,26e4f3ee-7885-11ed-a159-14cb196d9ca7
,81054761,b729e272-7717-11ed-93e9-14cb196d9ca7,26e4f3ee-7885-11ed-a159-14cb196d9ca7
,87491131,b729e272-7717-11ed-93e9-14cb196d9ca7,26e4f3ee-7885-11ed-a159-14cb196d9ca7
,84984172,b729e272-7717-11ed-93e9-14cb196d9ca7,26e4f3ee-7885-11ed-a159-14cb196d9ca7
,3071501373,b729e272-7717-11ed-93e9-14cb196d9ca7,26e4f3ee-7885-11ed-a159-14cb196d9ca7
,77577205,b729e272-7717-11ed-93e9-14cb196d9ca7,26e4f3ee-7885-11ed-a159-14cb196d9ca7
,74972635,b729e272-7717-11ed-93e9-14cb196d9ca7,26e4f3ee-7885-11ed-a159-14cb196d9ca7
,78102161,b729e272-7717-11ed-93e9-14cb196d9ca7,26e4f3ee-7885-11ed-a159-14cb196d9ca7
,71422828,b729e272-7717-11ed-93e9-14cb196d9ca7,26e4f3ee-7885-11ed-a159-14cb196d9ca7
,83103861,b729e272-7717-11ed-93e9-14cb196d9ca7,26e4f3ee-7885-11ed-a159-14cb196d9ca7
,86289052,b729e272-7717-11ed-93e9-14cb196d9ca7,26e4f3ee-7885-11ed-a159-14cb196d9ca7
,75910647,b729e272-7717-11ed-93e9-14cb196d9ca7,26e4f3ee-7885-11ed-a159-14cb196d9ca7
,87321552,b729e272-7717-11ed-93e9-14cb196d9ca7,26e4f3ee-7885-11ed-a159-14cb196d9ca7
,71996873,b729e272-7717-11ed-93e9-14cb196d9ca7,26e4f3ee-7885-11ed-a159-14cb196d9ca7
,74831694,b729e272-7717-11ed-93e9-14cb196d9ca7,26e4f3ee-7885-11ed-a159-14cb196d9ca7
,87318600,b729e272-7717-11ed-93e9-14cb196d9ca7,26e4f3ee-7885-11ed-a159-14cb196d9ca7
,89041507,b729e272-7717-11ed-93e9-14cb196d9ca7,26e4f3ee-7885-11ed-a159-14cb196d9ca7
,81762429,b729e272-7717-11ed-93e9-14cb196d9ca7,26e4f3ee-7885-11ed-a159-14cb196d9ca7
,81154351,b729e272-7717-11ed-93e9-14cb196d9ca7,26e4f3ee-7885-11ed-a159-14cb196d9ca7
,88116373,b729e272-7717-11ed-93e9-14cb196d9ca7,26e4f3ee-7885-11ed-a159-14cb196d9ca7
,82569760,b729e272-7717-11ed-93e9-14cb196d9ca7,26e4f3ee-7885-11ed-a159-14cb196d9ca7
,86250275,b729e272-7717-11ed-93e9-14cb196d9ca7,26e4f3ee-7885-11ed-a159-14cb196d9ca7
,81746216,b729e272-7717-11ed-93e9-14cb196d9ca7,26e4f3ee-7885-11ed-a159-14cb196d9ca7
,74013793,b729e272-7717-11ed-93e9-14cb196d9ca7,26e4f3ee-7885-11ed-a159-14cb196d9ca7
,77851674,b729e272-7717-11ed-93e9-14cb196d9ca7,26e4f3ee-7885-11ed-a159-14cb196d9ca7
,71862870,b729e272-7717-11ed-93e9-14cb196d9ca7,26e4f3ee-7885-11ed-a159-14cb196d9ca7
,54396682,b729e272-7717-11ed-93e9-14cb196d9ca7,26e4f5bc-7885-11ed-a159-14cb196d9ca7
,86602991,b729e272-7717-11ed-93e9-14cb196d9ca7,26e4f5bc-7885-11ed-a159-14cb196d9ca7
,85003412,b729e272-7717-11ed-93e9-14cb196d9ca7,26e4f5bc-7885-11ed-a159-14cb196d9ca7
,89792172,b729e272-7717-11ed-93e9-14cb196d9ca7,26e4f5bc-7885-11ed-a159-14cb196d9ca7
,76018260,b729e272-7717-11ed-93e9-14cb196d9ca7,26e4f5bc-7885-11ed-a159-14cb196d9ca7
,79882966,b729e272-7717-11ed-93e9-14cb196d9ca7,26e4f5bc-7885-11ed-a159-14cb196d9ca7
,77427504,b729e272-7717-11ed-93e9-14cb196d9ca7,26e4f5bc-7885-11ed-a159-14cb196d9ca7
,81471690,b729e272-7717-11ed-93e9-14cb196d9ca7,26e4f5bc-7885-11ed-a159-14cb196d9ca7
,76675859,b729e272-7717-11ed-93e9-14cb196d9ca7,26e4f5bc-7885-11ed-a159-14cb196d9ca7
,89340514,b729e272-7717-11ed-93e9-14cb196d9ca7,26e4f5bc-7885-11ed-a159-14cb196d9ca7
,81536527,b729e272-7717-11ed-93e9-14cb196d9ca7,26e4f5bc-7885-11ed-a159-14cb196d9ca7
,89115517,b729e272-7717-11ed-93e9-14cb196d9ca7,26e4f5bc-7885-11ed-a159-14cb196d9ca7
,83048405,b729e272-7717-11ed-93e9-14cb196d9ca7,26e4f5bc-7885-11ed-a159-14cb196d9ca7
,74216635,b729e272-7717-11ed-93e9-14cb196d9ca7,26e4f5bc-7885-11ed-a159-14cb196d9ca7
,78283511,b729e272-7717-11ed-93e9-14cb196d9ca7,26e4f5bc-7885-11ed-a159-14cb196d9ca7
,77440649,b729e272-7717-11ed-93e9-14cb196d9ca7,26e4f5bc-7885-11ed-a159-14cb196d9ca7
,74381766,b729e272-7717-11ed-93e9-14cb196d9ca7,26e4f5bc-7885-11ed-a159-14cb196d9ca7
,73390427,b729e272-7717-11ed-93e9-14cb196d9ca7,26e4f5bc-7885-11ed-a159-14cb196d9ca7
,72449128,b729e272-7717-11ed-93e9-14cb196d9ca7,26e4f5bc-7885-11ed-a159-14cb196d9ca7
,77755146,b729e272-7717-11ed-93e9-14cb196d9ca7,26e4f5bc-7885-11ed-a159-14cb196d9ca7
,72573598,b729e272-7717-11ed-93e9-14cb196d9ca7,26e4f5bc-7885-11ed-a159-14cb196d9ca7
,76609180,b729e272-7717-11ed-93e9-14cb196d9ca7,26e4f5bc-7885-11ed-a159-14cb196d9ca7
,77220208,b729e272-7717-11ed-93e9-14cb196d9ca7,26e4f5bc-7885-11ed-a159-14cb196d9ca7
,72698720,b729e272-7717-11ed-93e9-14cb196d9ca7,26e4f5bc-7885-11ed-a159-14cb196d9ca7
,71648802,b729e272-7717-11ed-93e9-14cb196d9ca7,26e4f5bc-7885-11ed-a159-14cb196d9ca7
,86488077,b729e272-7717-11ed-93e9-14cb196d9ca7,26e4f5bc-7885-11ed-a159-14cb196d9ca7
,76137011,b729e272-7717-11ed-93e9-14cb196d9ca7,26e4f5bc-7885-11ed-a159-14cb196d9ca7
,71482123,b729e272-7717-11ed-93e9-14cb196d9ca7,26e4f5bc-7885-11ed-a159-14cb196d9ca7
,78697370,b729e272-7717-11ed-93e9-14cb196d9ca7,26e4f5bc-7885-11ed-a159-14cb196d9ca7
,83343281,b729e272-7717-11ed-93e9-14cb196d9ca7,26e4f5bc-7885-11ed-a159-14cb196d9ca7
,86733301,b729e272-7717-11ed-93e9-14cb196d9ca7,26e4f79d-7885-11ed-a159-14cb196d9ca7
,73267375,b729e272-7717-11ed-93e9-14cb196d9ca7,26e4f79d-7885-11ed-a159-14cb196d9ca7
,79925079,b729e272-7717-11ed-93e9-14cb196d9ca7,26e4f79d-7885-11ed-a159-14cb196d9ca7
,87556036,b729e272-7717-11ed-93e9-14cb196d9ca7,26e4f79d-7885-11ed-a159-14cb196d9ca7
,89277233,b729e272-7717-11ed-93e9-14cb196d9ca7,26e4f79d-7885-11ed-a159-14cb196d9ca7
,83820888,b729e272-7717-11ed-93e9-14cb196d9ca7,26e4f79d-7885-11ed-a159-14cb196d9ca7
,89086070,b729e272-7717-11ed-93e9-14cb196d9ca7,26e4f79d-7885-11ed-a159-14cb196d9ca7
,79910852,b729e272-7717-11ed-93e9-14cb196d9ca7,26e4f79d-7885-11ed-a159-14cb196d9ca7
,72158797,b729e272-7717-11ed-93e9-14cb196d9ca7,26e4f79d-7885-11ed-a159-14cb196d9ca7
,76644175,b729e272-7717-11ed-93e9-14cb196d9ca7,26e4f79d-7885-11ed-a159-14cb196d9ca7
,3070133829,b729e272-7717-11ed-93e9-14cb196d9ca7,26e4f79d-7885-11ed-a159-14cb196d9ca7
,77105236,b729e272-7717-11ed-93e9-14cb196d9ca7,26e4f79d-7885-11ed-a159-14cb196d9ca7
,84429789,b729e272-7717-11ed-93e9-14cb196d9ca7,26e4f79d-7885-11ed-a159-14cb196d9ca7
,77302122,b729e272-7717-11ed-93e9-14cb196d9ca7,26e4f79d-7885-11ed-a159-14cb196d9ca7
,75122470,b729e272-7717-11ed-93e9-14cb196d9ca7,26e4f79d-7885-11ed-a159-14cb196d9ca7
,74995649,b729e272-7717-11ed-93e9-14cb196d9ca7,26e4f79d-7885-11ed-a159-14cb196d9ca7
,78237858,b729e272-7717-11ed-93e9-14cb196d9ca7,26e4f79d-7885-11ed-a159-14cb196d9ca7
,71664834,b729e272-7717-11ed-93e9-14cb196d9ca7,26e4f79d-7885-11ed-a159-14cb196d9ca7
,85126587,b729e272-7717-11ed-93e9-14cb196d9ca7,26e4f79d-7885-11ed-a159-14cb196d9ca7
,83616233,b729e272-7717-11ed-93e9-14cb196d9ca7,26e4f79d-7885-11ed-a159-14cb196d9ca7
,88843846,b729e272-7717-11ed-93e9-14cb196d9ca7,26e4f79d-7885-11ed-a159-14cb196d9ca7
,81580039,b729e272-7717-11ed-93e9-14cb196d9ca7,26e4f79d-7885-11ed-a159-14cb196d9ca7
,79680752,b729e272-7717-11ed-93e9-14cb196d9ca7,26e4f79d-7885-11ed-a159-14cb196d9ca7
,81257853,b729e272-7717-11ed-93e9-14cb196d9ca7,26e4f79d-7885-11ed-a159-14cb196d9ca7
,81922895,b729e272-7717-11ed-93e9-14cb196d9ca7,26e4f79d-7885-11ed-a159-14cb196d9ca7
,86954624,b729e272-7717-11ed-93e9-14cb196d9ca7,26e4f79d-7885-11ed-a159-14cb196d9ca7
,77438839,b729e272-7717-11ed-93e9-14cb196d9ca7,26e4f79d-7885-11ed-a159-14cb196d9ca7
,83113671,b729e272-7717-11ed-93e9-14cb196d9ca7,26e4f79d-7885-11ed-a159-14cb196d9ca7
,74751601,b729e272-7717-11ed-93e9-14cb196d9ca7,26e4f79d-7885-11ed-a159-14cb196d9ca7
,84798152,b729e272-7717-11ed-93e9-14cb196d9ca7,26e4f79d-7885-11ed-a159-14cb196d9ca7
,73142690,b729e272-7717-11ed-93e9-14cb196d9ca7,26e4f79d-7885-11ed-a159-14cb196d9ca7
,84803291,b729e272-7717-11ed-93e9-14cb196d9ca7,26e4f79d-7885-11ed-a159-14cb196d9ca7
,62364845,b729e272-7717-11ed-93e9-14cb196d9ca7,26e4f79d-7885-11ed-a159-14cb196d9ca7
,77255269,b729e272-7717-11ed-93e9-14cb196d9ca7,26e4f97c-7885-11ed-a159-14cb196d9ca7
,3075020125,b729e272-7717-11ed-93e9-14cb196d9ca7,26e4f97c-7885-11ed-a159-14cb196d9ca7
,79202202,b729e272-7717-11ed-93e9-14cb196d9ca7,26e4f97c-7885-11ed-a159-14cb196d9ca7
,3087231773,b729e272-7717-11ed-93e9-14cb196d9ca7,26e4f97c-7885-11ed-a159-14cb196d9ca7
,83943944,b729e272-7717-11ed-93e9-14cb196d9ca7,26e4f97c-7885-11ed-a159-14cb196d9ca7
,71151309,b729e272-7717-11ed-93e9-14cb196d9ca7,26e4f97c-7885-11ed-a159-14cb196d9ca7
,88212966,b729e272-7717-11ed-93e9-14cb196d9ca7,26e4f97c-7885-11ed-a159-14cb196d9ca7
,79416184,b729e272-7717-11ed-93e9-14cb196d9ca7,26e4f97c-7885-11ed-a159-14cb196d9ca7
,81082391,b729e272-7717-11ed-93e9-14cb196d9ca7,26e4f97c-7885-11ed-a159-14cb196d9ca7
,82503145,b729e272-7717-11ed-93e9-14cb196d9ca7,26e4f97c-7885-11ed-a159-14cb196d9ca7
,72016923,b729e272-7717-11ed-93e9-14cb196d9ca7,26e4f97c-7885-11ed-a159-14cb196d9ca7
,85160863,b729e272-7717-11ed-93e9-14cb196d9ca7,26e4f97c-7885-11ed-a159-14cb196d9ca7
,74875967,b729e272-7717-11ed-93e9-14cb196d9ca7,26e4f97c-7885-11ed-a159-14cb196d9ca7
,79207003,b729e272-7717-11ed-93e9-14cb196d9ca7,26e4f97c-7885-11ed-a159-14cb196d9ca7
,77004168,b729e272-7717-11ed-93e9-14cb196d9ca7,26e4f97c-7885-11ed-a159-14cb196d9ca7
,79162084,b729e272-7717-11ed-93e9-14cb196d9ca7,26e4f97c-7885-11ed-a159-14cb196d9ca7
,82887047,b729e272-7717-11ed-93e9-14cb196d9ca7,26e4f97c-7885-11ed-a159-14cb196d9ca7
,75574291,b729e272-7717-11ed-93e9-14cb196d9ca7,26e4f97c-7885-11ed-a159-14cb196d9ca7
,86512077,b729e272-7717-11ed-93e9-14cb196d9ca7,26e4f97c-7885-11ed-a159-14cb196d9ca7
,89415189,b729e272-7717-11ed-93e9-14cb196d9ca7,26e4f97c-7885-11ed-a159-14cb196d9ca7
,85957006,b729e272-7717-11ed-93e9-14cb196d9ca7,26e4f97c-7885-11ed-a159-14cb196d9ca7
,73836616,b729e272-7717-11ed-93e9-14cb196d9ca7,26e4f97c-7885-11ed-a159-14cb196d9ca7
,74457155,b729e272-7717-11ed-93e9-14cb196d9ca7,26e4f97c-7885-11ed-a159-14cb196d9ca7
,81551314,b729e272-7717-11ed-93e9-14cb196d9ca7,26e4f97c-7885-11ed-a159-14cb196d9ca7
,2704146,b729e272-7717-11ed-93e9-14cb196d9ca7,26e4f97c-7885-11ed-a159-14cb196d9ca7
,78759412,b729e272-7717-11ed-93e9-14cb196d9ca7,26e4f97c-7885-11ed-a159-14cb196d9ca7
,87704099,b729e272-7717-11ed-93e9-14cb196d9ca7,26e4f97c-7885-11ed-a159-14cb196d9ca7
,78683701,b729e272-7717-11ed-93e9-14cb196d9ca7,26e4f97c-7885-11ed-a159-14cb196d9ca7
,79955433,b729e272-7717-11ed-93e9-14cb196d9ca7,26e4f97c-7885-11ed-a159-14cb196d9ca7
,75941323,b729e272-7717-11ed-93e9-14cb196d9ca7,26e4f97c-7885-11ed-a159-14cb196d9ca7
,78783543,b729e272-7717-11ed-93e9-14cb196d9ca7,26e4f97c-7885-11ed-a159-14cb196d9ca7
,73715021,b729e272-7717-11ed-93e9-14cb196d9ca7,26e4fb6a-7885-11ed-a159-14cb196d9ca7
,89354684,b729e272-7717-11ed-93e9-14cb196d9ca7,26e4fb6a-7885-11ed-a159-14cb196d9ca7
,88076548,b729e272-7717-11ed-93e9-14cb196d9ca7,26e4fb6a-7885-11ed-a159-14cb196d9ca7
,82098245,b729e272-7717-11ed-93e9-14cb196d9ca7,26e4fb6a-7885-11ed-a159-14cb196d9ca7
,57183380,b729e272-7717-11ed-93e9-14cb196d9ca7,26e4fb6a-7885-11ed-a159-14cb196d9ca7
,86947537,b729e272-7717-11ed-93e9-14cb196d9ca7,26e4fb6a-7885-11ed-a159-14cb196d9ca7
,86044398,b729e272-7717-11ed-93e9-14cb196d9ca7,26e4fb6a-7885-11ed-a159-14cb196d9ca7
,78219073,b729e272-7717-11ed-93e9-14cb196d9ca7,26e4fb6a-7885-11ed-a159-14cb196d9ca7
,3079955061,b729e272-7717-11ed-93e9-14cb196d9ca7,26e4fb6a-7885-11ed-a159-14cb196d9ca7
,76771767,b729e272-7717-11ed-93e9-14cb196d9ca7,26e4fb6a-7885-11ed-a159-14cb196d9ca7
,81947593,b729e272-7717-11ed-93e9-14cb196d9ca7,26e4fb6a-7885-11ed-a159-14cb196d9ca7
,86865569,b729e272-7717-11ed-93e9-14cb196d9ca7,26e4fb6a-7885-11ed-a159-14cb196d9ca7
,78421363,b729e272-7717-11ed-93e9-14cb196d9ca7,26e4fb6a-7885-11ed-a159-14cb196d9ca7
,72677097,b729e272-7717-11ed-93e9-14cb196d9ca7,26e4fb6a-7885-11ed-a159-14cb196d9ca7
,77453407,b729e272-7717-11ed-93e9-14cb196d9ca7,26e4fb6a-7885-11ed-a159-14cb196d9ca7
,83821522,b729e272-7717-11ed-93e9-14cb196d9ca7,26e4fb6a-7885-11ed-a159-14cb196d9ca7
,77878871,b729e272-7717-11ed-93e9-14cb196d9ca7,26e4fb6a-7885-11ed-a159-14cb196d9ca7
,87704060,b729e272-7717-11ed-93e9-14cb196d9ca7,26e4fb6a-7885-11ed-a159-14cb196d9ca7
,83717217,b729e272-7717-11ed-93e9-14cb196d9ca7,26e4fb6a-7885-11ed-a159-14cb196d9ca7
,72193802,b729e272-7717-11ed-93e9-14cb196d9ca7,26e4fb6a-7885-11ed-a159-14cb196d9ca7
,81588504,b729e272-7717-11ed-93e9-14cb196d9ca7,26e4fb6a-7885-11ed-a159-14cb196d9ca7
,81901765,b729e272-7717-11ed-93e9-14cb196d9ca7,26e4fb6a-7885-11ed-a159-14cb196d9ca7
,72896961,b729e272-7717-11ed-93e9-14cb196d9ca7,26e4fb6a-7885-11ed-a159-14cb196d9ca7
,87432714,b729e272-7717-11ed-93e9-14cb196d9ca7,26e4fb6a-7885-11ed-a159-14cb196d9ca7
,79735725,b729e272-7717-11ed-93e9-14cb196d9ca7,26e4fb6a-7885-11ed-a159-14cb196d9ca7
,71672843,b729e272-7717-11ed-93e9-14cb196d9ca7,26e4fb6a-7885-11ed-a159-14cb196d9ca7
,89690895,b729e272-7717-11ed-93e9-14cb196d9ca7,26e4fb6a-7885-11ed-a159-14cb196d9ca7
,86654315,b729e272-7717-11ed-93e9-14cb196d9ca7,26e4fd59-7885-11ed-a159-14cb196d9ca7
,73238534,b729e272-7717-11ed-93e9-14cb196d9ca7,26e4fd59-7885-11ed-a159-14cb196d9ca7
,84234634,b729e272-7717-11ed-93e9-14cb196d9ca7,26e4fd59-7885-11ed-a159-14cb196d9ca7
,82543131,b729e272-7717-11ed-93e9-14cb196d9ca7,26e4fd59-7885-11ed-a159-14cb196d9ca7
,76012737,b729e272-7717-11ed-93e9-14cb196d9ca7,26e4fd59-7885-11ed-a159-14cb196d9ca7
,75305713,b729e272-7717-11ed-93e9-14cb196d9ca7,26e4fd59-7885-11ed-a159-14cb196d9ca7
,72444923,b729e272-7717-11ed-93e9-14cb196d9ca7,26e4fd59-7885-11ed-a159-14cb196d9ca7
,71194392,b729e272-7717-11ed-93e9-14cb196d9ca7,26e4fd59-7885-11ed-a159-14cb196d9ca7
,88468887,b729e272-7717-11ed-93e9-14cb196d9ca7,26e4fd59-7885-11ed-a159-14cb196d9ca7
,72761232,b729e272-7717-11ed-93e9-14cb196d9ca7,26e4fd59-7885-11ed-a159-14cb196d9ca7
,81426585,b729e272-7717-11ed-93e9-14cb196d9ca7,26e4fd59-7885-11ed-a159-14cb196d9ca7
,78294855,b729e272-7717-11ed-93e9-14cb196d9ca7,26e4fd59-7885-11ed-a159-14cb196d9ca7
,79446982,b729e272-7717-11ed-93e9-14cb196d9ca7,26e4fd59-7885-11ed-a159-14cb196d9ca7
,71660523,b729e272-7717-11ed-93e9-14cb196d9ca7,26e4fd59-7885-11ed-a159-14cb196d9ca7
,74532120,b729e272-7717-11ed-93e9-14cb196d9ca7,26e4fd59-7885-11ed-a159-14cb196d9ca7
,3075735944,b729e272-7717-11ed-93e9-14cb196d9ca7,26e4fd59-7885-11ed-a159-14cb196d9ca7
,76375756,b729e272-7717-11ed-93e9-14cb196d9ca7,26e4fd59-7885-11ed-a159-14cb196d9ca7
,79769268,b729e272-7717-11ed-93e9-14cb196d9ca7,26e4fd59-7885-11ed-a159-14cb196d9ca7
,87418634,b729e272-7717-11ed-93e9-14cb196d9ca7,26e4fd59-7885-11ed-a159-14cb196d9ca7
,3073928929,b729e272-7717-11ed-93e9-14cb196d9ca7,26e4fd59-7885-11ed-a159-14cb196d9ca7
,82042078,b729e272-7717-11ed-93e9-14cb196d9ca7,26e4fd59-7885-11ed-a159-14cb196d9ca7
,76689950,b729e272-7717-11ed-93e9-14cb196d9ca7,26e4fd59-7885-11ed-a159-14cb196d9ca7
,75148324,b729e272-7717-11ed-93e9-14cb196d9ca7,26e4fd59-7885-11ed-a159-14cb196d9ca7
,87377068,b729e272-7717-11ed-93e9-14cb196d9ca7,26e4fd59-7885-11ed-a159-14cb196d9ca7
,73546073,b729e272-7717-11ed-93e9-14cb196d9ca7,26e4fd59-7885-11ed-a159-14cb196d9ca7
,81113701,b729e272-7717-11ed-93e9-14cb196d9ca7,26e4fd59-7885-11ed-a159-14cb196d9ca7
,76136457,b729e272-7717-11ed-93e9-14cb196d9ca7,26e4fd59-7885-11ed-a159-14cb196d9ca7
,85279062,b729e272-7717-11ed-93e9-14cb196d9ca7,26e4fd59-7885-11ed-a159-14cb196d9ca7
,78067329,b729e272-7717-11ed-93e9-14cb196d9ca7,26e4ff48-7885-11ed-a159-14cb196d9ca7
,84169934,b729e272-7717-11ed-93e9-14cb196d9ca7,26e4ff48-7885-11ed-a159-14cb196d9ca7
,75130965,b729e272-7717-11ed-93e9-14cb196d9ca7,26e4ff48-7885-11ed-a159-14cb196d9ca7
,88920502,b729e272-7717-11ed-93e9-14cb196d9ca7,26e4ff48-7885-11ed-a159-14cb196d9ca7
,71932812,b729e272-7717-11ed-93e9-14cb196d9ca7,26e4ff48-7885-11ed-a159-14cb196d9ca7
,71608259,b729e272-7717-11ed-93e9-14cb196d9ca7,26e4ff48-7885-11ed-a159-14cb196d9ca7
,3075773152,b729e272-7717-11ed-93e9-14cb196d9ca7,26e4ff48-7885-11ed-a159-14cb196d9ca7
,82877443,b729e272-7717-11ed-93e9-14cb196d9ca7,26e4ff48-7885-11ed-a159-14cb196d9ca7
,83325783,b729e272-7717-11ed-93e9-14cb196d9ca7,26e4ff48-7885-11ed-a159-14cb196d9ca7
,89849358,b729e272-7717-11ed-93e9-14cb196d9ca7,26e4ff48-7885-11ed-a159-14cb196d9ca7
,79441405,b729e272-7717-11ed-93e9-14cb196d9ca7,26e4ff48-7885-11ed-a159-14cb196d9ca7
,68991608,b729e272-7717-11ed-93e9-14cb196d9ca7,26e4ff48-7885-11ed-a159-14cb196d9ca7
,86788865,b729e272-7717-11ed-93e9-14cb196d9ca7,26e4ff48-7885-11ed-a159-14cb196d9ca7
,75090887,b729e272-7717-11ed-93e9-14cb196d9ca7,26e4ff48-7885-11ed-a159-14cb196d9ca7
,86724199,b729e272-7717-11ed-93e9-14cb196d9ca7,26e4ff48-7885-11ed-a159-14cb196d9ca7
,82778693,b729e272-7717-11ed-93e9-14cb196d9ca7,26e4ff48-7885-11ed-a159-14cb196d9ca7
,73684900,b729e272-7717-11ed-93e9-14cb196d9ca7,26e4ff48-7885-11ed-a159-14cb196d9ca7
,3075038189,b729e272-7717-11ed-93e9-14cb196d9ca7,26e4ff48-7885-11ed-a159-14cb196d9ca7
,81089153,b729e272-7717-11ed-93e9-14cb196d9ca7,26e4ff48-7885-11ed-a159-14cb196d9ca7
,72432353,b729e272-7717-11ed-93e9-14cb196d9ca7,26e4ff48-7885-11ed-a159-14cb196d9ca7
,72112696,b729e272-7717-11ed-93e9-14cb196d9ca7,26e4ff48-7885-11ed-a159-14cb196d9ca7
,71802728,b729e272-7717-11ed-93e9-14cb196d9ca7,26e4ff48-7885-11ed-a159-14cb196d9ca7
,87005545,b729e272-7717-11ed-93e9-14cb196d9ca7,26e4ff48-7885-11ed-a159-14cb196d9ca7
,73677305,b729e272-7717-11ed-93e9-14cb196d9ca7,26e4ff48-7885-11ed-a159-14cb196d9ca7